aws_default_vpc.default: Creating...
module.qa-app.aws_key_pair.deployer: Creating...
module.prod-app.aws_default_vpc.default: Creating...
aws_key_pair.deployer: Creating...
module.qa-app.aws_default_vpc.default: Creating...
module.prod-app.aws_key_pair.deployer: Creating...
module.stg-app.aws_dynamodb_table.name: Creating...
module.qa-app.aws_dynamodb_table.name: Creating...
aws_dynamodb_table.name: Creating...
module.dev-app.aws_s3_bucket.chan-bucket: Creating...
module.qa-app.aws_key_pair.deployer: Creation complete after 2s [id=qa-tws-terra-key]
module.prod-app.aws_key_pair.deployer: Creation complete after 2s [id=prod-tws-terra-key]
aws_key_pair.deployer: Creation complete after 2s [id=tws-terra-key]
module.prod-app.aws_s3_bucket.chan-bucket: Creating...
module.stg-app.aws_key_pair.deployer: Creating...
aws_s3_bucket.chan-bucket: Creating...
module.stg-app.aws_key_pair.deployer: Creation complete after 0s [id=stg-tws-terra-key]
module.stg-app.aws_default_vpc.default: Creating...
module.prod-app.aws_default_vpc.default: Creation complete after 5s [id=vpc-0ed443a998667834a]
module.dev-app.aws_key_pair.deployer: Creating...
aws_default_vpc.default: Creation complete after 5s [id=vpc-0ed443a998667834a]
module.qa-app.aws_default_vpc.default: Creation complete after 5s [id=vpc-0ed443a998667834a]
module.qa-app.aws_s3_bucket.chan-bucket: Creating...
module.stg-app.aws_s3_bucket.chan-bucket: Creating...
module.dev-app.aws_key_pair.deployer: Creation complete after 0s [id=dev-tws-terra-key]
module.dev-app.aws_dynamodb_table.name: Creating...
module.stg-app.aws_default_vpc.default: Creation complete after 4s [id=vpc-0ed443a998667834a]
module.dev-app.aws_default_vpc.default: Creating...
module.dev-app.aws_s3_bucket.chan-bucket: Creation complete after 6s [id=dev-chan-tf-bucket]
module.prod-app.aws_dynamodb_table.name: Creating...
aws_s3_bucket.chan-bucket: Creation complete after 5s [id=chan-tf-bucket]
module.prod-app.aws_security_group.chan-security-grp: Creating...
module.prod-app.aws_s3_bucket.chan-bucket: Creation complete after 5s [id=prod-chan-tf-bucket]
module.qa-app.aws_security_group.chan-security-grp: Creating...
module.dev-app.aws_default_vpc.default: Creation complete after 3s [id=vpc-0ed443a998667834a]
aws_security_group.chan-security-grp: Creating...
module.stg-app.aws_dynamodb_table.name: Creation complete after 10s [id=stg-chan-tf-bucket-table]
module.stg-app.aws_security_group.chan-security-grp: Creating...
module.stg-app.aws_s3_bucket.chan-bucket: Creation complete after 5s [id=stg-chan-tf-bucket]
module.dev-app.aws_security_group.chan-security-grp: Creating...
module.qa-app.aws_s3_bucket.chan-bucket: Creation complete after 5s [id=qa-chan-tf-bucket]
module.qa-app.aws_dynamodb_table.name: Still creating... [00m10s elapsed]
aws_dynamodb_table.name: Still creating... [00m10s elapsed]
module.prod-app.aws_security_group.chan-security-grp: Creation complete after 4s [id=sg-0ddff93d4fb606865]
module.prod-app.aws_instance.chan-instance[3]: Creating...
module.prod-app.aws_instance.chan-instance[0]: Creating...
module.qa-app.aws_security_group.chan-security-grp: Creation complete after 5s [id=sg-0160cb42ee645f4fe]
module.prod-app.aws_instance.chan-instance[2]: Creating...
aws_dynamodb_table.name: Creation complete after 13s [id=terra-dynamodb-table]
module.prod-app.aws_instance.chan-instance[1]: Creating...
module.prod-app.aws_dynamodb_table.name: Creation complete after 8s [id=prod-chan-tf-bucket-table]
module.dev-app.aws_security_group.chan-security-grp: Creation complete after 4s [id=sg-0b14f9418a71be625]
aws_security_group.chan-security-grp: Creation complete after 5s [id=sg-0f92ba760f11c82de]
module.qa-app.aws_instance.chan-instance[1]: Creating...
module.qa-app.aws_instance.chan-instance[0]: Creating...
module.dev-app.aws_instance.chan-instance[0]: Creating...
module.stg-app.aws_security_group.chan-security-grp: Creation complete after 4s [id=sg-0522a9dde73015f89]
aws_instance.chan-instance["ec2-terra-instance-1"]: Creating...
module.dev-app.aws_dynamodb_table.name: Creation complete after 10s [id=dev-chan-tf-bucket-table]
aws_instance.chan-instance["ec2-terra-instance-3"]: Creating...
module.qa-app.aws_dynamodb_table.name: Creation complete after 16s [id=qa-chan-tf-bucket-table]
aws_instance.chan-instance["ec2-terra-instance-2"]: Creating...
module.prod-app.aws_instance.chan-instance[0]: Still creating... [00m10s elapsed]
module.prod-app.aws_instance.chan-instance[3]: Still creating... [00m10s elapsed]
module.prod-app.aws_instance.chan-instance[2]: Still creating... [00m10s elapsed]
module.prod-app.aws_instance.chan-instance[1]: Still creating... [00m10s elapsed]
module.qa-app.aws_instance.chan-instance[1]: Still creating... [00m10s elapsed]
module.qa-app.aws_instance.chan-instance[0]: Still creating... [00m10s elapsed]
module.dev-app.aws_instance.chan-instance[0]: Still creating... [00m10s elapsed]
aws_instance.chan-instance["ec2-terra-instance-1"]: Still creating... [00m10s elapsed]
aws_instance.chan-instance["ec2-terra-instance-3"]: Still creating... [00m10s elapsed]
aws_instance.chan-instance["ec2-terra-instance-2"]: Still creating... [00m10s elapsed]
module.prod-app.aws_instance.chan-instance[0]: Provisioning with 'local-exec'...
module.prod-app.aws_instance.chan-instance[0] (local-exec): Executing: ["/bin/sh" "-c" "echo 'Chandra Sharma' + prod > local-exec.txt"]
module.prod-app.aws_instance.chan-instance[0]: Provisioning with 'local-exec'...
module.prod-app.aws_instance.chan-instance[0] (local-exec): Executing: ["/bin/sh" "-c" "echo 3.21.102.220 >> local-exec.txt"]
module.prod-app.aws_instance.chan-instance[0]: Provisioning with 'local-exec'...
module.prod-app.aws_instance.chan-instance[0] (local-exec): Executing: ["/bin/sh" "-c" "hostname >> local-exec.txt"]
module.prod-app.aws_instance.chan-instance[0]: Provisioning with 'local-exec'...
module.prod-app.aws_instance.chan-instance[0] (local-exec): Executing: ["/bin/sh" "-c" "uname -a >> local-exec.txt"]
module.prod-app.aws_instance.chan-instance[0]: Provisioning with 'remote-exec'...
module.prod-app.aws_instance.chan-instance[0] (remote-exec): Connecting to remote host via SSH...
module.prod-app.aws_instance.chan-instance[0] (remote-exec):   Host: 3.21.102.220
module.prod-app.aws_instance.chan-instance[0] (remote-exec):   User: admin
module.prod-app.aws_instance.chan-instance[0] (remote-exec):   Password: false
module.prod-app.aws_instance.chan-instance[0] (remote-exec):   Private key: true
module.prod-app.aws_instance.chan-instance[0] (remote-exec):   Certificate: false
module.prod-app.aws_instance.chan-instance[0] (remote-exec):   SSH Agent: true
module.prod-app.aws_instance.chan-instance[0] (remote-exec):   Checking Host Key: false
module.prod-app.aws_instance.chan-instance[0] (remote-exec):   Target Platform: unix
module.prod-app.aws_instance.chan-instance[2]: Provisioning with 'local-exec'...
module.prod-app.aws_instance.chan-instance[2] (local-exec): Executing: ["/bin/sh" "-c" "echo 'Chandra Sharma' + prod > local-exec.txt"]
module.prod-app.aws_instance.chan-instance[2]: Provisioning with 'local-exec'...
module.prod-app.aws_instance.chan-instance[2] (local-exec): Executing: ["/bin/sh" "-c" "echo 3.136.158.127 >> local-exec.txt"]
module.prod-app.aws_instance.chan-instance[2]: Provisioning with 'local-exec'...
module.prod-app.aws_instance.chan-instance[2] (local-exec): Executing: ["/bin/sh" "-c" "hostname >> local-exec.txt"]
module.prod-app.aws_instance.chan-instance[2]: Provisioning with 'local-exec'...
module.prod-app.aws_instance.chan-instance[2] (local-exec): Executing: ["/bin/sh" "-c" "uname -a >> local-exec.txt"]
module.prod-app.aws_instance.chan-instance[2]: Provisioning with 'remote-exec'...
module.prod-app.aws_instance.chan-instance[2] (remote-exec): Connecting to remote host via SSH...
module.prod-app.aws_instance.chan-instance[2] (remote-exec):   Host: 3.136.158.127
module.prod-app.aws_instance.chan-instance[2] (remote-exec):   User: admin
module.prod-app.aws_instance.chan-instance[2] (remote-exec):   Password: false
module.prod-app.aws_instance.chan-instance[2] (remote-exec):   Private key: true
module.prod-app.aws_instance.chan-instance[2] (remote-exec):   Certificate: false
module.prod-app.aws_instance.chan-instance[2] (remote-exec):   SSH Agent: true
module.prod-app.aws_instance.chan-instance[2] (remote-exec):   Checking Host Key: false
module.prod-app.aws_instance.chan-instance[2] (remote-exec):   Target Platform: unix
module.prod-app.aws_instance.chan-instance[3]: Provisioning with 'local-exec'...
module.prod-app.aws_instance.chan-instance[3] (local-exec): Executing: ["/bin/sh" "-c" "echo 'Chandra Sharma' + prod > local-exec.txt"]
module.prod-app.aws_instance.chan-instance[3]: Provisioning with 'local-exec'...
module.prod-app.aws_instance.chan-instance[3] (local-exec): Executing: ["/bin/sh" "-c" "echo 3.19.73.112 >> local-exec.txt"]
module.prod-app.aws_instance.chan-instance[3]: Provisioning with 'local-exec'...
module.prod-app.aws_instance.chan-instance[3] (local-exec): Executing: ["/bin/sh" "-c" "hostname >> local-exec.txt"]
module.prod-app.aws_instance.chan-instance[3]: Provisioning with 'local-exec'...
module.prod-app.aws_instance.chan-instance[3] (local-exec): Executing: ["/bin/sh" "-c" "uname -a >> local-exec.txt"]
module.prod-app.aws_instance.chan-instance[3]: Provisioning with 'remote-exec'...
module.prod-app.aws_instance.chan-instance[3] (remote-exec): Connecting to remote host via SSH...
module.prod-app.aws_instance.chan-instance[3] (remote-exec):   Host: 3.19.73.112
module.prod-app.aws_instance.chan-instance[3] (remote-exec):   User: admin
module.prod-app.aws_instance.chan-instance[3] (remote-exec):   Password: false
module.prod-app.aws_instance.chan-instance[3] (remote-exec):   Private key: true
module.prod-app.aws_instance.chan-instance[3] (remote-exec):   Certificate: false
module.prod-app.aws_instance.chan-instance[3] (remote-exec):   SSH Agent: true
module.prod-app.aws_instance.chan-instance[3] (remote-exec):   Checking Host Key: false
module.prod-app.aws_instance.chan-instance[3] (remote-exec):   Target Platform: unix
module.prod-app.aws_instance.chan-instance[0] (remote-exec): Connecting to remote host via SSH...
module.prod-app.aws_instance.chan-instance[0] (remote-exec):   Host: 3.21.102.220
module.prod-app.aws_instance.chan-instance[0] (remote-exec):   User: admin
module.prod-app.aws_instance.chan-instance[0] (remote-exec):   Password: false
module.prod-app.aws_instance.chan-instance[0] (remote-exec):   Private key: true
module.prod-app.aws_instance.chan-instance[0] (remote-exec):   Certificate: false
module.prod-app.aws_instance.chan-instance[0] (remote-exec):   SSH Agent: true
module.prod-app.aws_instance.chan-instance[0] (remote-exec):   Checking Host Key: false
module.prod-app.aws_instance.chan-instance[0] (remote-exec):   Target Platform: unix
module.prod-app.aws_instance.chan-instance[2] (remote-exec): Connecting to remote host via SSH...
module.prod-app.aws_instance.chan-instance[2] (remote-exec):   Host: 3.136.158.127
module.prod-app.aws_instance.chan-instance[2] (remote-exec):   User: admin
module.prod-app.aws_instance.chan-instance[2] (remote-exec):   Password: false
module.prod-app.aws_instance.chan-instance[2] (remote-exec):   Private key: true
module.prod-app.aws_instance.chan-instance[2] (remote-exec):   Certificate: false
module.prod-app.aws_instance.chan-instance[2] (remote-exec):   SSH Agent: true
module.prod-app.aws_instance.chan-instance[2] (remote-exec):   Checking Host Key: false
module.prod-app.aws_instance.chan-instance[2] (remote-exec):   Target Platform: unix
module.prod-app.aws_instance.chan-instance[3] (remote-exec): Connecting to remote host via SSH...
module.prod-app.aws_instance.chan-instance[3] (remote-exec):   Host: 3.19.73.112
module.prod-app.aws_instance.chan-instance[3] (remote-exec):   User: admin
module.prod-app.aws_instance.chan-instance[3] (remote-exec):   Password: false
module.prod-app.aws_instance.chan-instance[3] (remote-exec):   Private key: true
module.prod-app.aws_instance.chan-instance[3] (remote-exec):   Certificate: false
module.prod-app.aws_instance.chan-instance[3] (remote-exec):   SSH Agent: true
module.prod-app.aws_instance.chan-instance[3] (remote-exec):   Checking Host Key: false
module.prod-app.aws_instance.chan-instance[3] (remote-exec):   Target Platform: unix
module.prod-app.aws_instance.chan-instance[1]: Provisioning with 'local-exec'...
module.prod-app.aws_instance.chan-instance[1] (local-exec): Executing: ["/bin/sh" "-c" "echo 'Chandra Sharma' + prod > local-exec.txt"]
module.prod-app.aws_instance.chan-instance[1]: Provisioning with 'local-exec'...
module.prod-app.aws_instance.chan-instance[1] (local-exec): Executing: ["/bin/sh" "-c" "echo 3.144.155.170 >> local-exec.txt"]
module.prod-app.aws_instance.chan-instance[1]: Provisioning with 'local-exec'...
module.prod-app.aws_instance.chan-instance[1] (local-exec): Executing: ["/bin/sh" "-c" "hostname >> local-exec.txt"]
module.prod-app.aws_instance.chan-instance[1]: Provisioning with 'local-exec'...
module.prod-app.aws_instance.chan-instance[1] (local-exec): Executing: ["/bin/sh" "-c" "uname -a >> local-exec.txt"]
module.prod-app.aws_instance.chan-instance[1]: Provisioning with 'remote-exec'...
module.prod-app.aws_instance.chan-instance[1] (remote-exec): Connecting to remote host via SSH...
module.prod-app.aws_instance.chan-instance[1] (remote-exec):   Host: 3.144.155.170
module.prod-app.aws_instance.chan-instance[1] (remote-exec):   User: admin
module.prod-app.aws_instance.chan-instance[1] (remote-exec):   Password: false
module.prod-app.aws_instance.chan-instance[1] (remote-exec):   Private key: true
module.prod-app.aws_instance.chan-instance[1] (remote-exec):   Certificate: false
module.prod-app.aws_instance.chan-instance[1] (remote-exec):   SSH Agent: true
module.prod-app.aws_instance.chan-instance[1] (remote-exec):   Checking Host Key: false
module.prod-app.aws_instance.chan-instance[1] (remote-exec):   Target Platform: unix
module.dev-app.aws_instance.chan-instance[0]: Provisioning with 'local-exec'...
module.dev-app.aws_instance.chan-instance[0] (local-exec): Executing: ["/bin/sh" "-c" "echo 'Chandra Sharma' + dev > local-exec.txt"]
module.dev-app.aws_instance.chan-instance[0]: Provisioning with 'local-exec'...
module.dev-app.aws_instance.chan-instance[0] (local-exec): Executing: ["/bin/sh" "-c" "echo 3.131.82.243 >> local-exec.txt"]
module.dev-app.aws_instance.chan-instance[0]: Provisioning with 'local-exec'...
module.dev-app.aws_instance.chan-instance[0] (local-exec): Executing: ["/bin/sh" "-c" "hostname >> local-exec.txt"]
module.dev-app.aws_instance.chan-instance[0]: Provisioning with 'local-exec'...
module.dev-app.aws_instance.chan-instance[0] (local-exec): Executing: ["/bin/sh" "-c" "uname -a >> local-exec.txt"]
module.dev-app.aws_instance.chan-instance[0]: Provisioning with 'remote-exec'...
module.dev-app.aws_instance.chan-instance[0] (remote-exec): Connecting to remote host via SSH...
module.dev-app.aws_instance.chan-instance[0] (remote-exec):   Host: 3.131.82.243
module.dev-app.aws_instance.chan-instance[0] (remote-exec):   User: ec2-user
module.dev-app.aws_instance.chan-instance[0] (remote-exec):   Password: false
module.dev-app.aws_instance.chan-instance[0] (remote-exec):   Private key: true
module.dev-app.aws_instance.chan-instance[0] (remote-exec):   Certificate: false
module.dev-app.aws_instance.chan-instance[0] (remote-exec):   SSH Agent: true
module.dev-app.aws_instance.chan-instance[0] (remote-exec):   Checking Host Key: false
module.dev-app.aws_instance.chan-instance[0] (remote-exec):   Target Platform: unix
module.qa-app.aws_instance.chan-instance[1]: Provisioning with 'local-exec'...
module.qa-app.aws_instance.chan-instance[1] (local-exec): Executing: ["/bin/sh" "-c" "echo 'Chandra Sharma' + qa > local-exec.txt"]
module.qa-app.aws_instance.chan-instance[0]: Provisioning with 'local-exec'...
module.qa-app.aws_instance.chan-instance[0] (local-exec): Executing: ["/bin/sh" "-c" "echo 'Chandra Sharma' + qa > local-exec.txt"]
aws_instance.chan-instance["ec2-terra-instance-3"]: Provisioning with 'local-exec'...
aws_instance.chan-instance["ec2-terra-instance-3"] (local-exec): Executing: ["/bin/sh" "-c" "echo 'Chandra Sharma' > local-exec.txt"]
module.qa-app.aws_instance.chan-instance[1]: Provisioning with 'local-exec'...
module.qa-app.aws_instance.chan-instance[1] (local-exec): Executing: ["/bin/sh" "-c" "echo 18.220.144.22 >> local-exec.txt"]
module.qa-app.aws_instance.chan-instance[0]: Provisioning with 'local-exec'...
module.qa-app.aws_instance.chan-instance[0] (local-exec): Executing: ["/bin/sh" "-c" "echo 3.17.203.25 >> local-exec.txt"]
module.qa-app.aws_instance.chan-instance[1]: Provisioning with 'local-exec'...
module.qa-app.aws_instance.chan-instance[1] (local-exec): Executing: ["/bin/sh" "-c" "hostname >> local-exec.txt"]
aws_instance.chan-instance["ec2-terra-instance-1"]: Provisioning with 'local-exec'...
aws_instance.chan-instance["ec2-terra-instance-1"] (local-exec): Executing: ["/bin/sh" "-c" "echo 'Chandra Sharma' > local-exec.txt"]
aws_instance.chan-instance["ec2-terra-instance-3"]: Provisioning with 'local-exec'...
aws_instance.chan-instance["ec2-terra-instance-3"] (local-exec): Executing: ["/bin/sh" "-c" "echo 3.138.191.0 >> local-exec.txt"]
module.qa-app.aws_instance.chan-instance[0]: Provisioning with 'local-exec'...
module.qa-app.aws_instance.chan-instance[0] (local-exec): Executing: ["/bin/sh" "-c" "hostname >> local-exec.txt"]
aws_instance.chan-instance["ec2-terra-instance-1"]: Provisioning with 'local-exec'...
aws_instance.chan-instance["ec2-terra-instance-1"] (local-exec): Executing: ["/bin/sh" "-c" "echo 18.219.241.55 >> local-exec.txt"]
module.qa-app.aws_instance.chan-instance[1]: Provisioning with 'local-exec'...
module.qa-app.aws_instance.chan-instance[1] (local-exec): Executing: ["/bin/sh" "-c" "uname -a >> local-exec.txt"]
aws_instance.chan-instance["ec2-terra-instance-3"]: Provisioning with 'local-exec'...
aws_instance.chan-instance["ec2-terra-instance-3"] (local-exec): Executing: ["/bin/sh" "-c" "hostname >> local-exec.txt"]
module.qa-app.aws_instance.chan-instance[0]: Provisioning with 'local-exec'...
module.qa-app.aws_instance.chan-instance[0] (local-exec): Executing: ["/bin/sh" "-c" "uname -a >> local-exec.txt"]
aws_instance.chan-instance["ec2-terra-instance-1"]: Provisioning with 'local-exec'...
aws_instance.chan-instance["ec2-terra-instance-1"] (local-exec): Executing: ["/bin/sh" "-c" "hostname >> local-exec.txt"]
aws_instance.chan-instance["ec2-terra-instance-3"]: Provisioning with 'local-exec'...
aws_instance.chan-instance["ec2-terra-instance-3"] (local-exec): Executing: ["/bin/sh" "-c" "uname -a >> local-exec.txt"]
module.qa-app.aws_instance.chan-instance[1]: Provisioning with 'remote-exec'...
module.qa-app.aws_instance.chan-instance[0]: Provisioning with 'remote-exec'...
module.qa-app.aws_instance.chan-instance[1] (remote-exec): Connecting to remote host via SSH...
module.qa-app.aws_instance.chan-instance[1] (remote-exec):   Host: 18.220.144.22
module.qa-app.aws_instance.chan-instance[1] (remote-exec):   User: ec2-user
module.qa-app.aws_instance.chan-instance[1] (remote-exec):   Password: false
module.qa-app.aws_instance.chan-instance[1] (remote-exec):   Private key: true
module.qa-app.aws_instance.chan-instance[1] (remote-exec):   Certificate: false
module.qa-app.aws_instance.chan-instance[1] (remote-exec):   SSH Agent: true
module.qa-app.aws_instance.chan-instance[1] (remote-exec):   Checking Host Key: false
module.qa-app.aws_instance.chan-instance[1] (remote-exec):   Target Platform: unix
module.qa-app.aws_instance.chan-instance[0] (remote-exec): Connecting to remote host via SSH...
module.qa-app.aws_instance.chan-instance[0] (remote-exec):   Host: 3.17.203.25
module.qa-app.aws_instance.chan-instance[0] (remote-exec):   User: ec2-user
module.qa-app.aws_instance.chan-instance[0] (remote-exec):   Password: false
module.qa-app.aws_instance.chan-instance[0] (remote-exec):   Private key: true
module.qa-app.aws_instance.chan-instance[0] (remote-exec):   Certificate: false
module.qa-app.aws_instance.chan-instance[0] (remote-exec):   SSH Agent: true
module.qa-app.aws_instance.chan-instance[0] (remote-exec):   Checking Host Key: false
module.qa-app.aws_instance.chan-instance[0] (remote-exec):   Target Platform: unix
aws_instance.chan-instance["ec2-terra-instance-1"]: Provisioning with 'local-exec'...
aws_instance.chan-instance["ec2-terra-instance-1"] (local-exec): Executing: ["/bin/sh" "-c" "uname -a >> local-exec.txt"]
aws_instance.chan-instance["ec2-terra-instance-3"]: Provisioning with 'remote-exec'...
aws_instance.chan-instance["ec2-terra-instance-3"] (remote-exec): Connecting to remote host via SSH...
aws_instance.chan-instance["ec2-terra-instance-3"] (remote-exec):   Host: 3.138.191.0
aws_instance.chan-instance["ec2-terra-instance-3"] (remote-exec):   User: ubuntu
aws_instance.chan-instance["ec2-terra-instance-3"] (remote-exec):   Password: false
aws_instance.chan-instance["ec2-terra-instance-3"] (remote-exec):   Private key: true
aws_instance.chan-instance["ec2-terra-instance-3"] (remote-exec):   Certificate: false
aws_instance.chan-instance["ec2-terra-instance-3"] (remote-exec):   SSH Agent: true
aws_instance.chan-instance["ec2-terra-instance-3"] (remote-exec):   Checking Host Key: false
aws_instance.chan-instance["ec2-terra-instance-3"] (remote-exec):   Target Platform: unix
aws_instance.chan-instance["ec2-terra-instance-1"]: Provisioning with 'remote-exec'...
aws_instance.chan-instance["ec2-terra-instance-1"] (remote-exec): Connecting to remote host via SSH...
aws_instance.chan-instance["ec2-terra-instance-1"] (remote-exec):   Host: 18.219.241.55
aws_instance.chan-instance["ec2-terra-instance-1"] (remote-exec):   User: ubuntu
aws_instance.chan-instance["ec2-terra-instance-1"] (remote-exec):   Password: false
aws_instance.chan-instance["ec2-terra-instance-1"] (remote-exec):   Private key: true
aws_instance.chan-instance["ec2-terra-instance-1"] (remote-exec):   Certificate: false
aws_instance.chan-instance["ec2-terra-instance-1"] (remote-exec):   SSH Agent: true
aws_instance.chan-instance["ec2-terra-instance-1"] (remote-exec):   Checking Host Key: false
aws_instance.chan-instance["ec2-terra-instance-1"] (remote-exec):   Target Platform: unix
module.prod-app.aws_instance.chan-instance[1] (remote-exec): Connecting to remote host via SSH...
module.prod-app.aws_instance.chan-instance[1] (remote-exec):   Host: 3.144.155.170
module.prod-app.aws_instance.chan-instance[1] (remote-exec):   User: admin
module.prod-app.aws_instance.chan-instance[1] (remote-exec):   Password: false
module.prod-app.aws_instance.chan-instance[1] (remote-exec):   Private key: true
module.prod-app.aws_instance.chan-instance[1] (remote-exec):   Certificate: false
module.prod-app.aws_instance.chan-instance[1] (remote-exec):   SSH Agent: true
module.prod-app.aws_instance.chan-instance[1] (remote-exec):   Checking Host Key: false
module.prod-app.aws_instance.chan-instance[1] (remote-exec):   Target Platform: unix
module.prod-app.aws_instance.chan-instance[0] (remote-exec): Connecting to remote host via SSH...
module.prod-app.aws_instance.chan-instance[0] (remote-exec):   Host: 3.21.102.220
module.prod-app.aws_instance.chan-instance[0] (remote-exec):   User: admin
module.prod-app.aws_instance.chan-instance[0] (remote-exec):   Password: false
module.prod-app.aws_instance.chan-instance[0] (remote-exec):   Private key: true
module.prod-app.aws_instance.chan-instance[0] (remote-exec):   Certificate: false
module.prod-app.aws_instance.chan-instance[0] (remote-exec):   SSH Agent: true
module.prod-app.aws_instance.chan-instance[0] (remote-exec):   Checking Host Key: false
module.prod-app.aws_instance.chan-instance[0] (remote-exec):   Target Platform: unix
module.prod-app.aws_instance.chan-instance[2] (remote-exec): Connecting to remote host via SSH...
module.prod-app.aws_instance.chan-instance[2] (remote-exec):   Host: 3.136.158.127
module.prod-app.aws_instance.chan-instance[2] (remote-exec):   User: admin
module.prod-app.aws_instance.chan-instance[2] (remote-exec):   Password: false
module.prod-app.aws_instance.chan-instance[2] (remote-exec):   Private key: true
module.prod-app.aws_instance.chan-instance[2] (remote-exec):   Certificate: false
module.prod-app.aws_instance.chan-instance[2] (remote-exec):   SSH Agent: true
module.prod-app.aws_instance.chan-instance[2] (remote-exec):   Checking Host Key: false
module.prod-app.aws_instance.chan-instance[2] (remote-exec):   Target Platform: unix
aws_instance.chan-instance["ec2-terra-instance-2"]: Provisioning with 'local-exec'...
aws_instance.chan-instance["ec2-terra-instance-2"] (local-exec): Executing: ["/bin/sh" "-c" "echo 'Chandra Sharma' > local-exec.txt"]
aws_instance.chan-instance["ec2-terra-instance-2"]: Provisioning with 'local-exec'...
aws_instance.chan-instance["ec2-terra-instance-2"] (local-exec): Executing: ["/bin/sh" "-c" "echo 13.59.217.254 >> local-exec.txt"]
aws_instance.chan-instance["ec2-terra-instance-2"]: Provisioning with 'local-exec'...
aws_instance.chan-instance["ec2-terra-instance-2"] (local-exec): Executing: ["/bin/sh" "-c" "hostname >> local-exec.txt"]
aws_instance.chan-instance["ec2-terra-instance-2"]: Provisioning with 'local-exec'...
aws_instance.chan-instance["ec2-terra-instance-2"] (local-exec): Executing: ["/bin/sh" "-c" "uname -a >> local-exec.txt"]
aws_instance.chan-instance["ec2-terra-instance-2"]: Provisioning with 'remote-exec'...
aws_instance.chan-instance["ec2-terra-instance-2"] (remote-exec): Connecting to remote host via SSH...
aws_instance.chan-instance["ec2-terra-instance-2"] (remote-exec):   Host: 13.59.217.254
aws_instance.chan-instance["ec2-terra-instance-2"] (remote-exec):   User: ubuntu
aws_instance.chan-instance["ec2-terra-instance-2"] (remote-exec):   Password: false
aws_instance.chan-instance["ec2-terra-instance-2"] (remote-exec):   Private key: true
aws_instance.chan-instance["ec2-terra-instance-2"] (remote-exec):   Certificate: false
aws_instance.chan-instance["ec2-terra-instance-2"] (remote-exec):   SSH Agent: true
aws_instance.chan-instance["ec2-terra-instance-2"] (remote-exec):   Checking Host Key: false
aws_instance.chan-instance["ec2-terra-instance-2"] (remote-exec):   Target Platform: unix
module.prod-app.aws_instance.chan-instance[3] (remote-exec): Connecting to remote host via SSH...
module.prod-app.aws_instance.chan-instance[3] (remote-exec):   Host: 3.19.73.112
module.prod-app.aws_instance.chan-instance[3] (remote-exec):   User: admin
module.prod-app.aws_instance.chan-instance[3] (remote-exec):   Password: false
module.prod-app.aws_instance.chan-instance[3] (remote-exec):   Private key: true
module.prod-app.aws_instance.chan-instance[3] (remote-exec):   Certificate: false
module.prod-app.aws_instance.chan-instance[3] (remote-exec):   SSH Agent: true
module.prod-app.aws_instance.chan-instance[3] (remote-exec):   Checking Host Key: false
module.prod-app.aws_instance.chan-instance[3] (remote-exec):   Target Platform: unix
module.prod-app.aws_instance.chan-instance[0]: Still creating... [00m20s elapsed]
module.prod-app.aws_instance.chan-instance[3]: Still creating... [00m20s elapsed]
module.prod-app.aws_instance.chan-instance[2]: Still creating... [00m20s elapsed]
module.prod-app.aws_instance.chan-instance[1] (remote-exec): Connecting to remote host via SSH...
module.prod-app.aws_instance.chan-instance[1] (remote-exec):   Host: 3.144.155.170
module.prod-app.aws_instance.chan-instance[1] (remote-exec):   User: admin
module.prod-app.aws_instance.chan-instance[1] (remote-exec):   Password: false
module.prod-app.aws_instance.chan-instance[1] (remote-exec):   Private key: true
module.prod-app.aws_instance.chan-instance[1] (remote-exec):   Certificate: false
module.prod-app.aws_instance.chan-instance[1] (remote-exec):   SSH Agent: true
module.prod-app.aws_instance.chan-instance[1] (remote-exec):   Checking Host Key: false
module.prod-app.aws_instance.chan-instance[1] (remote-exec):   Target Platform: unix
module.dev-app.aws_instance.chan-instance[0] (remote-exec): Connected!
module.qa-app.aws_instance.chan-instance[1] (remote-exec): Connected!
module.qa-app.aws_instance.chan-instance[0] (remote-exec): Connected!
module.prod-app.aws_instance.chan-instance[1]: Still creating... [00m20s elapsed]
aws_instance.chan-instance["ec2-terra-instance-1"] (remote-exec): Connecting to remote host via SSH...
aws_instance.chan-instance["ec2-terra-instance-1"] (remote-exec):   Host: 18.219.241.55
aws_instance.chan-instance["ec2-terra-instance-1"] (remote-exec):   User: ubuntu
aws_instance.chan-instance["ec2-terra-instance-1"] (remote-exec):   Password: false
aws_instance.chan-instance["ec2-terra-instance-1"] (remote-exec):   Private key: true
aws_instance.chan-instance["ec2-terra-instance-1"] (remote-exec):   Certificate: false
aws_instance.chan-instance["ec2-terra-instance-1"] (remote-exec):   SSH Agent: true
aws_instance.chan-instance["ec2-terra-instance-1"] (remote-exec):   Checking Host Key: false
aws_instance.chan-instance["ec2-terra-instance-1"] (remote-exec):   Target Platform: unix
module.qa-app.aws_instance.chan-instance[1]: Still creating... [00m20s elapsed]
module.qa-app.aws_instance.chan-instance[0]: Still creating... [00m20s elapsed]
module.dev-app.aws_instance.chan-instance[0]: Still creating... [00m20s elapsed]
aws_instance.chan-instance["ec2-terra-instance-1"]: Still creating... [00m20s elapsed]
aws_instance.chan-instance["ec2-terra-instance-3"]: Still creating... [00m20s elapsed]
module.prod-app.aws_instance.chan-instance[0] (remote-exec): Connecting to remote host via SSH...
module.prod-app.aws_instance.chan-instance[0] (remote-exec):   Host: 3.21.102.220
module.prod-app.aws_instance.chan-instance[0] (remote-exec):   User: admin
module.prod-app.aws_instance.chan-instance[0] (remote-exec):   Password: false
module.prod-app.aws_instance.chan-instance[0] (remote-exec):   Private key: true
module.prod-app.aws_instance.chan-instance[0] (remote-exec):   Certificate: false
module.prod-app.aws_instance.chan-instance[0] (remote-exec):   SSH Agent: true
module.prod-app.aws_instance.chan-instance[0] (remote-exec):   Checking Host Key: false
module.prod-app.aws_instance.chan-instance[0] (remote-exec):   Target Platform: unix
module.prod-app.aws_instance.chan-instance[2] (remote-exec): Connecting to remote host via SSH...
module.prod-app.aws_instance.chan-instance[2] (remote-exec):   Host: 3.136.158.127
module.prod-app.aws_instance.chan-instance[2] (remote-exec):   User: admin
module.prod-app.aws_instance.chan-instance[2] (remote-exec):   Password: false
module.prod-app.aws_instance.chan-instance[2] (remote-exec):   Private key: true
module.prod-app.aws_instance.chan-instance[2] (remote-exec):   Certificate: false
module.prod-app.aws_instance.chan-instance[2] (remote-exec):   SSH Agent: true
module.prod-app.aws_instance.chan-instance[2] (remote-exec):   Checking Host Key: false
module.prod-app.aws_instance.chan-instance[2] (remote-exec):   Target Platform: unix
module.qa-app.aws_instance.chan-instance[1] (remote-exec): /tmp/terraform_145890931.sh: line 3: Environment: command not found
module.qa-app.aws_instance.chan-instance[0] (remote-exec): /tmp/terraform_1084473840.sh: line 3: Environment: command not found
module.dev-app.aws_instance.chan-instance[0] (remote-exec): /tmp/terraform_1797876906.sh: line 3: Environment: command not found
aws_instance.chan-instance["ec2-terra-instance-2"]: Still creating... [00m20s elapsed]
module.prod-app.aws_instance.chan-instance[3] (remote-exec): Connecting to remote host via SSH...
module.prod-app.aws_instance.chan-instance[3] (remote-exec):   Host: 3.19.73.112
module.prod-app.aws_instance.chan-instance[3] (remote-exec):   User: admin
module.prod-app.aws_instance.chan-instance[3] (remote-exec):   Password: false
module.prod-app.aws_instance.chan-instance[3] (remote-exec):   Private key: true
module.prod-app.aws_instance.chan-instance[3] (remote-exec):   Certificate: false
module.prod-app.aws_instance.chan-instance[3] (remote-exec):   SSH Agent: true
module.prod-app.aws_instance.chan-instance[3] (remote-exec):   Checking Host Key: false
module.prod-app.aws_instance.chan-instance[3] (remote-exec):   Target Platform: unix
module.qa-app.aws_instance.chan-instance[1]: Creation complete after 22s [id=i-0b9a4bafc7d42dcbe]
aws_instance.chan-instance["ec2-terra-instance-1"] (remote-exec): Connecting to remote host via SSH...
aws_instance.chan-instance["ec2-terra-instance-1"] (remote-exec):   Host: 18.219.241.55
aws_instance.chan-instance["ec2-terra-instance-1"] (remote-exec):   User: ubuntu
aws_instance.chan-instance["ec2-terra-instance-1"] (remote-exec):   Password: false
aws_instance.chan-instance["ec2-terra-instance-1"] (remote-exec):   Private key: true
aws_instance.chan-instance["ec2-terra-instance-1"] (remote-exec):   Certificate: false
aws_instance.chan-instance["ec2-terra-instance-1"] (remote-exec):   SSH Agent: true
aws_instance.chan-instance["ec2-terra-instance-1"] (remote-exec):   Checking Host Key: false
aws_instance.chan-instance["ec2-terra-instance-1"] (remote-exec):   Target Platform: unix
module.qa-app.aws_instance.chan-instance[0]: Creation complete after 22s [id=i-0f8b85bfbd99ef389]
module.dev-app.aws_instance.chan-instance[0]: Creation complete after 22s [id=i-0206d8df899604555]
module.prod-app.aws_instance.chan-instance[1] (remote-exec): Connecting to remote host via SSH...
module.prod-app.aws_instance.chan-instance[1] (remote-exec):   Host: 3.144.155.170
module.prod-app.aws_instance.chan-instance[1] (remote-exec):   User: admin
module.prod-app.aws_instance.chan-instance[1] (remote-exec):   Password: false
module.prod-app.aws_instance.chan-instance[1] (remote-exec):   Private key: true
module.prod-app.aws_instance.chan-instance[1] (remote-exec):   Certificate: false
module.prod-app.aws_instance.chan-instance[1] (remote-exec):   SSH Agent: true
module.prod-app.aws_instance.chan-instance[1] (remote-exec):   Checking Host Key: false
module.prod-app.aws_instance.chan-instance[1] (remote-exec):   Target Platform: unix
module.stg-app.aws_instance.chan-instance[1]: Creating...
module.stg-app.aws_instance.chan-instance[0]: Creating...
module.stg-app.aws_instance.chan-instance[2]: Creating...
module.prod-app.aws_instance.chan-instance[3] (remote-exec): Connected!
module.prod-app.aws_instance.chan-instance[1] (remote-exec): Connected!
aws_instance.chan-instance["ec2-terra-instance-1"] (remote-exec): Connected!
module.prod-app.aws_instance.chan-instance[0]: Still creating... [00m30s elapsed]
module.prod-app.aws_instance.chan-instance[3]: Still creating... [00m30s elapsed]
module.prod-app.aws_instance.chan-instance[2]: Still creating... [00m30s elapsed]
aws_instance.chan-instance["ec2-terra-instance-3"] (remote-exec): Connected!
module.prod-app.aws_instance.chan-instance[3] (remote-exec): /tmp/terraform_1404806893.sh: 3: Environment: not found
module.prod-app.aws_instance.chan-instance[3]: Creation complete after 32s [id=i-0d65f3fc81fe3b282]
module.prod-app.aws_instance.chan-instance[1] (remote-exec): /tmp/terraform_1874996436.sh: 3: Environment: not found
module.prod-app.aws_instance.chan-instance[0] (remote-exec): Connecting to remote host via SSH...
module.prod-app.aws_instance.chan-instance[0] (remote-exec):   Host: 3.21.102.220
module.prod-app.aws_instance.chan-instance[0] (remote-exec):   User: admin
module.prod-app.aws_instance.chan-instance[0] (remote-exec):   Password: false
module.prod-app.aws_instance.chan-instance[0] (remote-exec):   Private key: true
module.prod-app.aws_instance.chan-instance[0] (remote-exec):   Certificate: false
module.prod-app.aws_instance.chan-instance[0] (remote-exec):   SSH Agent: true
module.prod-app.aws_instance.chan-instance[0] (remote-exec):   Checking Host Key: false
module.prod-app.aws_instance.chan-instance[0] (remote-exec):   Target Platform: unix
module.prod-app.aws_instance.chan-instance[2] (remote-exec): Connecting to remote host via SSH...
module.prod-app.aws_instance.chan-instance[2] (remote-exec):   Host: 3.136.158.127
module.prod-app.aws_instance.chan-instance[2] (remote-exec):   User: admin
module.prod-app.aws_instance.chan-instance[2] (remote-exec):   Password: false
module.prod-app.aws_instance.chan-instance[2] (remote-exec):   Private key: true
module.prod-app.aws_instance.chan-instance[2] (remote-exec):   Certificate: false
module.prod-app.aws_instance.chan-instance[2] (remote-exec):   SSH Agent: true
module.prod-app.aws_instance.chan-instance[2] (remote-exec):   Checking Host Key: false
module.prod-app.aws_instance.chan-instance[2] (remote-exec):   Target Platform: unix
module.prod-app.aws_instance.chan-instance[1]: Still creating... [00m30s elapsed]
module.prod-app.aws_instance.chan-instance[1]: Creation complete after 30s [id=i-021df2bd2c9ba66cc]
aws_instance.chan-instance["ec2-terra-instance-1"]: Creation complete after 30s [id=i-073c095d4dbd1d07b]
aws_instance.chan-instance["ec2-terra-instance-2"] (remote-exec): Connected!
aws_instance.chan-instance["ec2-terra-instance-3"]: Still creating... [00m30s elapsed]
aws_instance.chan-instance["ec2-terra-instance-3"]: Creation complete after 30s [id=i-048c1c559692ec136]
aws_instance.chan-instance["ec2-terra-instance-2"]: Still creating... [00m30s elapsed]
module.prod-app.aws_instance.chan-instance[0] (remote-exec): Connected!
module.prod-app.aws_instance.chan-instance[2] (remote-exec): Connected!
aws_instance.chan-instance["ec2-terra-instance-2"]: Creation complete after 32s [id=i-0154e7b74740960d2]
module.stg-app.aws_instance.chan-instance[0]: Still creating... [00m10s elapsed]
module.stg-app.aws_instance.chan-instance[1]: Still creating... [00m10s elapsed]
module.stg-app.aws_instance.chan-instance[2]: Still creating... [00m10s elapsed]
module.prod-app.aws_instance.chan-instance[0] (remote-exec): /tmp/terraform_561527236.sh: 3: Environment: not found
module.prod-app.aws_instance.chan-instance[2] (remote-exec): /tmp/terraform_661806651.sh: 3: Environment: not found
module.prod-app.aws_instance.chan-instance[0]: Creation complete after 39s [id=i-008e9b1cb3962c10e]
module.prod-app.aws_instance.chan-instance[2]: Creation complete after 38s [id=i-0e8bd2cf7544f890d]
module.stg-app.aws_instance.chan-instance[1]: Provisioning with 'local-exec'...
module.stg-app.aws_instance.chan-instance[1] (local-exec): Executing: ["/bin/sh" "-c" "echo 'Chandra Sharma' + stg > local-exec.txt"]
module.stg-app.aws_instance.chan-instance[1]: Provisioning with 'local-exec'...
module.stg-app.aws_instance.chan-instance[1] (local-exec): Executing: ["/bin/sh" "-c" "echo 3.138.193.79 >> local-exec.txt"]
module.stg-app.aws_instance.chan-instance[0]: Provisioning with 'local-exec'...
module.stg-app.aws_instance.chan-instance[0] (local-exec): Executing: ["/bin/sh" "-c" "echo 'Chandra Sharma' + stg > local-exec.txt"]
module.stg-app.aws_instance.chan-instance[1]: Provisioning with 'local-exec'...
module.stg-app.aws_instance.chan-instance[1] (local-exec): Executing: ["/bin/sh" "-c" "hostname >> local-exec.txt"]
module.stg-app.aws_instance.chan-instance[0]: Provisioning with 'local-exec'...
module.stg-app.aws_instance.chan-instance[0] (local-exec): Executing: ["/bin/sh" "-c" "echo 18.224.180.12 >> local-exec.txt"]
module.stg-app.aws_instance.chan-instance[1]: Provisioning with 'local-exec'...
module.stg-app.aws_instance.chan-instance[1] (local-exec): Executing: ["/bin/sh" "-c" "uname -a >> local-exec.txt"]
module.stg-app.aws_instance.chan-instance[0]: Provisioning with 'local-exec'...
module.stg-app.aws_instance.chan-instance[0] (local-exec): Executing: ["/bin/sh" "-c" "hostname >> local-exec.txt"]
module.stg-app.aws_instance.chan-instance[2]: Provisioning with 'local-exec'...
module.stg-app.aws_instance.chan-instance[2] (local-exec): Executing: ["/bin/sh" "-c" "echo 'Chandra Sharma' + stg > local-exec.txt"]
module.stg-app.aws_instance.chan-instance[1]: Provisioning with 'remote-exec'...
module.stg-app.aws_instance.chan-instance[0]: Provisioning with 'local-exec'...
module.stg-app.aws_instance.chan-instance[0] (local-exec): Executing: ["/bin/sh" "-c" "uname -a >> local-exec.txt"]
module.stg-app.aws_instance.chan-instance[1] (remote-exec): Connecting to remote host via SSH...
module.stg-app.aws_instance.chan-instance[1] (remote-exec):   Host: 3.138.193.79
module.stg-app.aws_instance.chan-instance[1] (remote-exec):   User: ubuntu
module.stg-app.aws_instance.chan-instance[1] (remote-exec):   Password: false
module.stg-app.aws_instance.chan-instance[1] (remote-exec):   Private key: true
module.stg-app.aws_instance.chan-instance[1] (remote-exec):   Certificate: false
module.stg-app.aws_instance.chan-instance[1] (remote-exec):   SSH Agent: true
module.stg-app.aws_instance.chan-instance[1] (remote-exec):   Checking Host Key: false
module.stg-app.aws_instance.chan-instance[1] (remote-exec):   Target Platform: unix
module.stg-app.aws_instance.chan-instance[2]: Provisioning with 'local-exec'...
module.stg-app.aws_instance.chan-instance[2] (local-exec): Executing: ["/bin/sh" "-c" "echo 18.222.153.82 >> local-exec.txt"]
module.stg-app.aws_instance.chan-instance[0]: Provisioning with 'remote-exec'...
module.stg-app.aws_instance.chan-instance[0] (remote-exec): Connecting to remote host via SSH...
module.stg-app.aws_instance.chan-instance[0] (remote-exec):   Host: 18.224.180.12
module.stg-app.aws_instance.chan-instance[0] (remote-exec):   User: ubuntu
module.stg-app.aws_instance.chan-instance[0] (remote-exec):   Password: false
module.stg-app.aws_instance.chan-instance[0] (remote-exec):   Private key: true
module.stg-app.aws_instance.chan-instance[0] (remote-exec):   Certificate: false
module.stg-app.aws_instance.chan-instance[0] (remote-exec):   SSH Agent: true
module.stg-app.aws_instance.chan-instance[0] (remote-exec):   Checking Host Key: false
module.stg-app.aws_instance.chan-instance[0] (remote-exec):   Target Platform: unix
module.stg-app.aws_instance.chan-instance[2]: Provisioning with 'local-exec'...
module.stg-app.aws_instance.chan-instance[2] (local-exec): Executing: ["/bin/sh" "-c" "hostname >> local-exec.txt"]
module.stg-app.aws_instance.chan-instance[2]: Provisioning with 'local-exec'...
module.stg-app.aws_instance.chan-instance[2] (local-exec): Executing: ["/bin/sh" "-c" "uname -a >> local-exec.txt"]
module.stg-app.aws_instance.chan-instance[2]: Provisioning with 'remote-exec'...
module.stg-app.aws_instance.chan-instance[2] (remote-exec): Connecting to remote host via SSH...
module.stg-app.aws_instance.chan-instance[2] (remote-exec):   Host: 18.222.153.82
module.stg-app.aws_instance.chan-instance[2] (remote-exec):   User: ubuntu
module.stg-app.aws_instance.chan-instance[2] (remote-exec):   Password: false
module.stg-app.aws_instance.chan-instance[2] (remote-exec):   Private key: true
module.stg-app.aws_instance.chan-instance[2] (remote-exec):   Certificate: false
module.stg-app.aws_instance.chan-instance[2] (remote-exec):   SSH Agent: true
module.stg-app.aws_instance.chan-instance[2] (remote-exec):   Checking Host Key: false
module.stg-app.aws_instance.chan-instance[2] (remote-exec):   Target Platform: unix
module.stg-app.aws_instance.chan-instance[2]: Still creating... [00m20s elapsed]
module.stg-app.aws_instance.chan-instance[0]: Still creating... [00m20s elapsed]
module.stg-app.aws_instance.chan-instance[1]: Still creating... [00m20s elapsed]
module.stg-app.aws_instance.chan-instance[2] (remote-exec): Connecting to remote host via SSH...
module.stg-app.aws_instance.chan-instance[2] (remote-exec):   Host: 18.222.153.82
module.stg-app.aws_instance.chan-instance[2] (remote-exec):   User: ubuntu
module.stg-app.aws_instance.chan-instance[2] (remote-exec):   Password: false
module.stg-app.aws_instance.chan-instance[2] (remote-exec):   Private key: true
module.stg-app.aws_instance.chan-instance[2] (remote-exec):   Certificate: false
module.stg-app.aws_instance.chan-instance[2] (remote-exec):   SSH Agent: true
module.stg-app.aws_instance.chan-instance[2] (remote-exec):   Checking Host Key: false
module.stg-app.aws_instance.chan-instance[2] (remote-exec):   Target Platform: unix
module.stg-app.aws_instance.chan-instance[1] (remote-exec): Connecting to remote host via SSH...
module.stg-app.aws_instance.chan-instance[1] (remote-exec):   Host: 3.138.193.79
module.stg-app.aws_instance.chan-instance[1] (remote-exec):   User: ubuntu
module.stg-app.aws_instance.chan-instance[1] (remote-exec):   Password: false
module.stg-app.aws_instance.chan-instance[1] (remote-exec):   Private key: true
module.stg-app.aws_instance.chan-instance[1] (remote-exec):   Certificate: false
module.stg-app.aws_instance.chan-instance[1] (remote-exec):   SSH Agent: true
module.stg-app.aws_instance.chan-instance[1] (remote-exec):   Checking Host Key: false
module.stg-app.aws_instance.chan-instance[1] (remote-exec):   Target Platform: unix
module.stg-app.aws_instance.chan-instance[2] (remote-exec): Connecting to remote host via SSH...
module.stg-app.aws_instance.chan-instance[2] (remote-exec):   Host: 18.222.153.82
module.stg-app.aws_instance.chan-instance[2] (remote-exec):   User: ubuntu
module.stg-app.aws_instance.chan-instance[2] (remote-exec):   Password: false
module.stg-app.aws_instance.chan-instance[2] (remote-exec):   Private key: true
module.stg-app.aws_instance.chan-instance[2] (remote-exec):   Certificate: false
module.stg-app.aws_instance.chan-instance[2] (remote-exec):   SSH Agent: true
module.stg-app.aws_instance.chan-instance[2] (remote-exec):   Checking Host Key: false
module.stg-app.aws_instance.chan-instance[2] (remote-exec):   Target Platform: unix
module.stg-app.aws_instance.chan-instance[0] (remote-exec): Connecting to remote host via SSH...
module.stg-app.aws_instance.chan-instance[0] (remote-exec):   Host: 18.224.180.12
module.stg-app.aws_instance.chan-instance[0] (remote-exec):   User: ubuntu
module.stg-app.aws_instance.chan-instance[0] (remote-exec):   Password: false
module.stg-app.aws_instance.chan-instance[0] (remote-exec):   Private key: true
module.stg-app.aws_instance.chan-instance[0] (remote-exec):   Certificate: false
module.stg-app.aws_instance.chan-instance[0] (remote-exec):   SSH Agent: true
module.stg-app.aws_instance.chan-instance[0] (remote-exec):   Checking Host Key: false
module.stg-app.aws_instance.chan-instance[0] (remote-exec):   Target Platform: unix
module.stg-app.aws_instance.chan-instance[1] (remote-exec): Connecting to remote host via SSH...
module.stg-app.aws_instance.chan-instance[1] (remote-exec):   Host: 3.138.193.79
module.stg-app.aws_instance.chan-instance[1] (remote-exec):   User: ubuntu
module.stg-app.aws_instance.chan-instance[1] (remote-exec):   Password: false
module.stg-app.aws_instance.chan-instance[1] (remote-exec):   Private key: true
module.stg-app.aws_instance.chan-instance[1] (remote-exec):   Certificate: false
module.stg-app.aws_instance.chan-instance[1] (remote-exec):   SSH Agent: true
module.stg-app.aws_instance.chan-instance[1] (remote-exec):   Checking Host Key: false
module.stg-app.aws_instance.chan-instance[1] (remote-exec):   Target Platform: unix
module.stg-app.aws_instance.chan-instance[2] (remote-exec): Connected!
module.stg-app.aws_instance.chan-instance[1] (remote-exec): Connected!
module.stg-app.aws_instance.chan-instance[0] (remote-exec): Connected!
module.stg-app.aws_instance.chan-instance[2] (remote-exec): /tmp/terraform_565629845.sh: 3: Environment: not found
module.stg-app.aws_instance.chan-instance[2]: Still creating... [00m30s elapsed]
module.stg-app.aws_instance.chan-instance[1]: Still creating... [00m30s elapsed]
module.stg-app.aws_instance.chan-instance[0]: Still creating... [00m30s elapsed]
module.stg-app.aws_instance.chan-instance[1] (remote-exec): /tmp/terraform_681510872.sh: 3: Environment: not found
module.stg-app.aws_instance.chan-instance[0] (remote-exec): /tmp/terraform_1595841633.sh: 3: Environment: not found
module.stg-app.aws_instance.chan-instance[2]: Creation complete after 31s [id=i-0c386a97e63c8bd0c]
module.stg-app.aws_instance.chan-instance[1]: Creation complete after 31s [id=i-07f50edf81fcaadc3]
module.stg-app.aws_instance.chan-instance[0]: Creation complete after 32s [id=i-0926fc9dd4ec006ad]

Apply complete! Resources: 38 added, 0 changed, 0 destroyed.

Outputs:

all_ec2_instances = {
  "dev-1" = {
    "instance_id" = "i-0206d8df899604555"
    "name" = "dev-ec2-terra-instance-1"
    "private_ip" = "172.31.47.213"
    "public_ip" = "3.131.82.243"
  }
  "prod-1" = {
    "instance_id" = "i-008e9b1cb3962c10e"
    "name" = "prod-ec2-terra-instance-1"
    "private_ip" = "172.31.47.152"
    "public_ip" = "3.21.102.220"
  }
  "prod-2" = {
    "instance_id" = "i-021df2bd2c9ba66cc"
    "name" = "prod-ec2-terra-instance-2"
    "private_ip" = "172.31.44.239"
    "public_ip" = "3.144.155.170"
  }
  "prod-3" = {
    "instance_id" = "i-0e8bd2cf7544f890d"
    "name" = "prod-ec2-terra-instance-3"
    "private_ip" = "172.31.44.205"
    "public_ip" = "3.136.158.127"
  }
  "prod-4" = {
    "instance_id" = "i-0d65f3fc81fe3b282"
    "name" = "prod-ec2-terra-instance-4"
    "private_ip" = "172.31.42.150"
    "public_ip" = "3.19.73.112"
  }
  "qa-1" = {
    "instance_id" = "i-0f8b85bfbd99ef389"
    "name" = "qa-ec2-terra-instance-1"
    "private_ip" = "172.31.34.179"
    "public_ip" = "3.17.203.25"
  }
  "qa-2" = {
    "instance_id" = "i-0b9a4bafc7d42dcbe"
    "name" = "qa-ec2-terra-instance-2"
    "private_ip" = "172.31.41.67"
    "public_ip" = "18.220.144.22"
  }
  "stg-1" = {
    "instance_id" = "i-0926fc9dd4ec006ad"
    "name" = "stg-ec2-terra-instance-1"
    "private_ip" = "172.31.43.133"
    "public_ip" = "18.224.180.12"
  }
  "stg-2" = {
    "instance_id" = "i-07f50edf81fcaadc3"
    "name" = "stg-ec2-terra-instance-2"
    "private_ip" = "172.31.36.2"
    "public_ip" = "3.138.193.79"
  }
  "stg-3" = {
    "instance_id" = "i-0c386a97e63c8bd0c"
    "name" = "stg-ec2-terra-instance-3"
    "private_ip" = "172.31.43.7"
    "public_ip" = "18.222.153.82"
  }
}===== Terraform Apply started at Fri Sep 11 05:17:42 IST 2026 =====
[0m[1mmodule.stg-app.aws_s3_bucket.chan-bucket: Refreshing state... [id=stg-chan-tf-bucket][0m
[0m[1maws_key_pair.deployer: Refreshing state... [id=tws-terra-key][0m
[0m[1mmodule.stg-app.aws_dynamodb_table.name: Refreshing state... [id=stg-chan-tf-bucket-table][0m
[0m[1mmodule.dev-app.aws_dynamodb_table.name: Refreshing state... [id=dev-chan-tf-bucket-table][0m
[0m[1mmodule.prod-app.aws_key_pair.deployer: Refreshing state... [id=prod-tws-terra-key][0m
[0m[1mmodule.dev-app.aws_s3_bucket.chan-bucket: Refreshing state... [id=dev-chan-tf-bucket][0m
[0m[1mmodule.prod-app.aws_dynamodb_table.name: Refreshing state... [id=prod-chan-tf-bucket-table][0m
[0m[1mmodule.qa-app.aws_key_pair.deployer: Refreshing state... [id=qa-tws-terra-key][0m
[0m[1mmodule.stg-app.aws_default_vpc.default: Refreshing state... [id=vpc-0ed443a998667834a][0m
[0m[1mmodule.dev-app.aws_key_pair.deployer: Refreshing state... [id=dev-tws-terra-key][0m
[0m[1mmodule.dev-app.aws_default_vpc.default: Refreshing state... [id=vpc-0ed443a998667834a][0m
[0m[1mmodule.qa-app.aws_s3_bucket.chan-bucket: Refreshing state... [id=qa-chan-tf-bucket][0m
[0m[1mmodule.stg-app.aws_key_pair.deployer: Refreshing state... [id=stg-tws-terra-key][0m
[0m[1mmodule.prod-app.aws_default_vpc.default: Refreshing state... [id=vpc-0ed443a998667834a][0m
[0m[1maws_dynamodb_table.name: Refreshing state... [id=terra-dynamodb-table][0m
[0m[1maws_default_vpc.default: Refreshing state... [id=vpc-0ed443a998667834a][0m
[0m[1maws_s3_bucket.chan-bucket: Refreshing state... [id=chan-tf-bucket][0m
[0m[1mmodule.prod-app.aws_s3_bucket.chan-bucket: Refreshing state... [id=prod-chan-tf-bucket][0m
[0m[1mmodule.qa-app.aws_default_vpc.default: Refreshing state... [id=vpc-0ed443a998667834a][0m
[0m[1mmodule.qa-app.aws_dynamodb_table.name: Refreshing state... [id=qa-chan-tf-bucket-table][0m
[0m[1mmodule.prod-app.aws_security_group.chan-security-grp: Refreshing state... [id=sg-0ddff93d4fb606865][0m
[0m[1mmodule.stg-app.aws_security_group.chan-security-grp: Refreshing state... [id=sg-0522a9dde73015f89][0m
[0m[1mmodule.dev-app.aws_security_group.chan-security-grp: Refreshing state... [id=sg-0b14f9418a71be625][0m
[0m[1mmodule.prod-app.aws_instance.chan-instance[1]: Refreshing state... [id=i-021df2bd2c9ba66cc][0m
[0m[1mmodule.prod-app.aws_instance.chan-instance[0]: Refreshing state... [id=i-008e9b1cb3962c10e][0m
[0m[1mmodule.prod-app.aws_instance.chan-instance[3]: Refreshing state... [id=i-0d65f3fc81fe3b282][0m
[0m[1mmodule.prod-app.aws_instance.chan-instance[2]: Refreshing state... [id=i-0e8bd2cf7544f890d][0m
[0m[1mmodule.stg-app.aws_instance.chan-instance[0]: Refreshing state... [id=i-0926fc9dd4ec006ad][0m
[0m[1mmodule.stg-app.aws_instance.chan-instance[1]: Refreshing state... [id=i-07f50edf81fcaadc3][0m
[0m[1mmodule.stg-app.aws_instance.chan-instance[2]: Refreshing state... [id=i-0c386a97e63c8bd0c][0m
[0m[1mmodule.dev-app.aws_instance.chan-instance[0]: Refreshing state... [id=i-0206d8df899604555][0m
[0m[1maws_security_group.chan-security-grp: Refreshing state... [id=sg-0f92ba760f11c82de][0m
[0m[1mmodule.qa-app.aws_security_group.chan-security-grp: Refreshing state... [id=sg-0160cb42ee645f4fe][0m
[0m[1maws_instance.chan-instance["ec2-terra-instance-3"]: Refreshing state... [id=i-048c1c559692ec136][0m
[0m[1maws_instance.chan-instance["ec2-terra-instance-2"]: Refreshing state... [id=i-0154e7b74740960d2][0m
[0m[1maws_instance.chan-instance["ec2-terra-instance-1"]: Refreshing state... [id=i-073c095d4dbd1d07b][0m
[0m[1mmodule.qa-app.aws_instance.chan-instance[1]: Refreshing state... [id=i-0b9a4bafc7d42dcbe][0m
[0m[1mmodule.qa-app.aws_instance.chan-instance[0]: Refreshing state... [id=i-0f8b85bfbd99ef389][0m

Terraform used the selected providers to generate the following execution
plan. Resource actions are indicated with the following symbols:
  [33m~[0m update in-place[0m

Terraform will perform the following actions:

[1m  # module.dev-app.aws_instance.chan-instance[0][0m will be updated in-place
[0m  [33m~[0m[0m resource "aws_instance" "chan-instance" {
        id                                   = "i-0206d8df899604555"
      [33m~[0m[0m public_dns                           = "ec2-3-131-82-243.us-east-2.compute.amazonaws.com" -> (known after apply)
      [33m~[0m[0m public_ip                            = "3.131.82.243" -> (known after apply)
        tags                                 = {
            "Environment" = "dev"
            "Name"        = "dev-ec2-terra-instance-1"
        }
      [33m~[0m[0m user_data                            = <<-EOT
            #!/bin/bash
            set -e
            
            # Detect package manager and install nginx
            if command -v apt-get >/dev/null 2>&1; then
              # Ubuntu / Debian
              apt-get update -y
              apt-get install -y nginx
            elif command -v yum >/dev/null 2>&1; then
              # Amazon Linux 2
              yum update -y
              amazon-linux-extras install nginx1 -y || yum install -y nginx
            elif command -v dnf >/dev/null 2>&1; then
              # Amazon Linux 2023 / newer Fedora-based
              dnf install -y nginx
            fi
            
            # Enable and start nginx
            systemctl enable nginx
            systemctl start nginx
            
          [32m+[0m[0m 
          [32m+[0m[0m # Decide background colour and friendly name
          [32m+[0m[0m case "$ENV_NAME" in
          [32m+[0m[0m   dev|development)
          [32m+[0m[0m     BG_COLOR="#e3f2fd"      # light blue
          [32m+[0m[0m     TITLE="Development"
          [32m+[0m[0m     ;;
          [32m+[0m[0m   qa|test)
          [32m+[0m[0m     BG_COLOR="#fff3e0"      # light orange
          [32m+[0m[0m     TITLE="QA / Test"
          [32m+[0m[0m     ;;
          [32m+[0m[0m   stg|staging|preprod)
          [32m+[0m[0m     BG_COLOR="#f3e5f5"      # light purple
          [32m+[0m[0m     TITLE="Staging / Pre-Prod"
          [32m+[0m[0m     ;;
          [32m+[0m[0m   prod|production)
          [32m+[0m[0m     BG_COLOR="#e8f5e9"      # light green
          [32m+[0m[0m     TITLE="Production"
          [32m+[0m[0m     ;;
          [32m+[0m[0m   *)
          [32m+[0m[0m     BG_COLOR="#f5f5f5"      # light grey
          [32m+[0m[0m     TITLE="$ENV_NAME"
          [32m+[0m[0m     ;;
          [32m+[0m[0m esac
          [32m+[0m[0m 
          [32m+[0m[0m HOSTNAME=$(hostname)
          [32m+[0m[0m KERNEL=$(uname -a)
          [32m+[0m[0m DATE=$(date)
          [32m+[0m[0m 
          [32m+[0m[0m # Create a nice HTML page
          [32m+[0m[0m cat <<EOF > /var/www/html/index.html
          [32m+[0m[0m <!DOCTYPE html>
          [32m+[0m[0m <html>
          [32m+[0m[0m <head>
          [32m+[0m[0m   <title>$TITLE Environment</title>
          [32m+[0m[0m   <style>
          [32m+[0m[0m     body {
          [32m+[0m[0m       font-family: Arial, sans-serif;
          [32m+[0m[0m       background-color: $BG_COLOR;
          [32m+[0m[0m       margin: 40px;
          [32m+[0m[0m     }
          [32m+[0m[0m     h1 {
          [32m+[0m[0m       color: #222;
          [32m+[0m[0m       font-size: 2.2em;
          [32m+[0m[0m     }
          [32m+[0m[0m     .card {
          [32m+[0m[0m       background: white;
          [32m+[0m[0m       padding: 25px;
          [32m+[0m[0m       border-radius: 10px;
          [32m+[0m[0m       box-shadow: 0 4px 8px rgba(0,0,0,0.1);
          [32m+[0m[0m       max-width: 700px;
          [32m+[0m[0m     }
          [32m+[0m[0m     pre {
          [32m+[0m[0m       background: #f0f0f0;
          [32m+[0m[0m       padding: 12px;
          [32m+[0m[0m       border-radius: 5px;
          [32m+[0m[0m       overflow-x: auto;
          [32m+[0m[0m     }
          [32m+[0m[0m   </style>
          [32m+[0m[0m </head>
          [32m+[0m[0m <body>
          [32m+[0m[0m   <div class="card">
          [32m+[0m[0m     <h1>$TITLE Environment</h1>
          [32m+[0m[0m     <p><strong>Hostname:</strong> $HOSTNAME</p>
          [32m+[0m[0m     <p><strong>Environment:</strong> $ENV_NAME</p>
          [32m+[0m[0m     <p><strong>Date:</strong> $DATE</p>
          [32m+[0m[0m     <h3>System Information</h3>
          [32m+[0m[0m     <pre>$KERNEL</pre>
          [32m+[0m[0m     <p><em>Installed by Terraform user_data – Chandra Sharma</em></p>
          [32m+[0m[0m   </div>
          [32m+[0m[0m </body>
          [32m+[0m[0m </html>
          [32m+[0m[0m EOF
          [32m+[0m[0m 
          [32m+[0m[0m echo "Nginx page created for $ENV_NAME on $(date)" >> /var/log/user-data.log
          [32m+[0m[0m 
          [32m+[0m[0m 
            # Create a simple identifying page
            echo "<h1>Nginx is running on $(hostname)</h1>" > /var/www/html/index.html
            echo "<p>Environment information written by user_data</p>" >> /var/www/html/index.html
            
            # Optional: keep a log
            echo "Nginx installed successfully on $(date)" >> /var/log/user-data.log
        EOT
        [90m# (38 unchanged attributes hidden)[0m[0m

        [90m# (9 unchanged blocks hidden)[0m[0m
    }

[1m  # module.prod-app.aws_instance.chan-instance[0][0m will be updated in-place
[0m  [33m~[0m[0m resource "aws_instance" "chan-instance" {
        id                                   = "i-008e9b1cb3962c10e"
      [33m~[0m[0m public_dns                           = "ec2-3-21-102-220.us-east-2.compute.amazonaws.com" -> (known after apply)
      [33m~[0m[0m public_ip                            = "3.21.102.220" -> (known after apply)
        tags                                 = {
            "Environment" = "prod"
            "Name"        = "prod-ec2-terra-instance-1"
        }
      [33m~[0m[0m user_data                            = <<-EOT
            #!/bin/bash
            set -e
            
            # Detect package manager and install nginx
            if command -v apt-get >/dev/null 2>&1; then
              # Ubuntu / Debian
              apt-get update -y
              apt-get install -y nginx
            elif command -v yum >/dev/null 2>&1; then
              # Amazon Linux 2
              yum update -y
              amazon-linux-extras install nginx1 -y || yum install -y nginx
            elif command -v dnf >/dev/null 2>&1; then
              # Amazon Linux 2023 / newer Fedora-based
              dnf install -y nginx
            fi
            
            # Enable and start nginx
            systemctl enable nginx
            systemctl start nginx
            
          [32m+[0m[0m 
          [32m+[0m[0m # Decide background colour and friendly name
          [32m+[0m[0m case "$ENV_NAME" in
          [32m+[0m[0m   dev|development)
          [32m+[0m[0m     BG_COLOR="#e3f2fd"      # light blue
          [32m+[0m[0m     TITLE="Development"
          [32m+[0m[0m     ;;
          [32m+[0m[0m   qa|test)
          [32m+[0m[0m     BG_COLOR="#fff3e0"      # light orange
          [32m+[0m[0m     TITLE="QA / Test"
          [32m+[0m[0m     ;;
          [32m+[0m[0m   stg|staging|preprod)
          [32m+[0m[0m     BG_COLOR="#f3e5f5"      # light purple
          [32m+[0m[0m     TITLE="Staging / Pre-Prod"
          [32m+[0m[0m     ;;
          [32m+[0m[0m   prod|production)
          [32m+[0m[0m     BG_COLOR="#e8f5e9"      # light green
          [32m+[0m[0m     TITLE="Production"
          [32m+[0m[0m     ;;
          [32m+[0m[0m   *)
          [32m+[0m[0m     BG_COLOR="#f5f5f5"      # light grey
          [32m+[0m[0m     TITLE="$ENV_NAME"
          [32m+[0m[0m     ;;
          [32m+[0m[0m esac
          [32m+[0m[0m 
          [32m+[0m[0m HOSTNAME=$(hostname)
          [32m+[0m[0m KERNEL=$(uname -a)
          [32m+[0m[0m DATE=$(date)
          [32m+[0m[0m 
          [32m+[0m[0m # Create a nice HTML page
          [32m+[0m[0m cat <<EOF > /var/www/html/index.html
          [32m+[0m[0m <!DOCTYPE html>
          [32m+[0m[0m <html>
          [32m+[0m[0m <head>
          [32m+[0m[0m   <title>$TITLE Environment</title>
          [32m+[0m[0m   <style>
          [32m+[0m[0m     body {
          [32m+[0m[0m       font-family: Arial, sans-serif;
          [32m+[0m[0m       background-color: $BG_COLOR;
          [32m+[0m[0m       margin: 40px;
          [32m+[0m[0m     }
          [32m+[0m[0m     h1 {
          [32m+[0m[0m       color: #222;
          [32m+[0m[0m       font-size: 2.2em;
          [32m+[0m[0m     }
          [32m+[0m[0m     .card {
          [32m+[0m[0m       background: white;
          [32m+[0m[0m       padding: 25px;
          [32m+[0m[0m       border-radius: 10px;
          [32m+[0m[0m       box-shadow: 0 4px 8px rgba(0,0,0,0.1);
          [32m+[0m[0m       max-width: 700px;
          [32m+[0m[0m     }
          [32m+[0m[0m     pre {
          [32m+[0m[0m       background: #f0f0f0;
          [32m+[0m[0m       padding: 12px;
          [32m+[0m[0m       border-radius: 5px;
          [32m+[0m[0m       overflow-x: auto;
          [32m+[0m[0m     }
          [32m+[0m[0m   </style>
          [32m+[0m[0m </head>
          [32m+[0m[0m <body>
          [32m+[0m[0m   <div class="card">
          [32m+[0m[0m     <h1>$TITLE Environment</h1>
          [32m+[0m[0m     <p><strong>Hostname:</strong> $HOSTNAME</p>
          [32m+[0m[0m     <p><strong>Environment:</strong> $ENV_NAME</p>
          [32m+[0m[0m     <p><strong>Date:</strong> $DATE</p>
          [32m+[0m[0m     <h3>System Information</h3>
          [32m+[0m[0m     <pre>$KERNEL</pre>
          [32m+[0m[0m     <p><em>Installed by Terraform user_data – Chandra Sharma</em></p>
          [32m+[0m[0m   </div>
          [32m+[0m[0m </body>
          [32m+[0m[0m </html>
          [32m+[0m[0m EOF
          [32m+[0m[0m 
          [32m+[0m[0m echo "Nginx page created for $ENV_NAME on $(date)" >> /var/log/user-data.log
          [32m+[0m[0m 
          [32m+[0m[0m 
            # Create a simple identifying page
            echo "<h1>Nginx is running on $(hostname)</h1>" > /var/www/html/index.html
            echo "<p>Environment information written by user_data</p>" >> /var/www/html/index.html
            
            # Optional: keep a log
            echo "Nginx installed successfully on $(date)" >> /var/log/user-data.log
        EOT
        [90m# (38 unchanged attributes hidden)[0m[0m

        [90m# (9 unchanged blocks hidden)[0m[0m
    }

[1m  # module.prod-app.aws_instance.chan-instance[1][0m will be updated in-place
[0m  [33m~[0m[0m resource "aws_instance" "chan-instance" {
        id                                   = "i-021df2bd2c9ba66cc"
      [33m~[0m[0m public_dns                           = "ec2-3-144-155-170.us-east-2.compute.amazonaws.com" -> (known after apply)
      [33m~[0m[0m public_ip                            = "3.144.155.170" -> (known after apply)
        tags                                 = {
            "Environment" = "prod"
            "Name"        = "prod-ec2-terra-instance-2"
        }
      [33m~[0m[0m user_data                            = <<-EOT
            #!/bin/bash
            set -e
            
            # Detect package manager and install nginx
            if command -v apt-get >/dev/null 2>&1; then
              # Ubuntu / Debian
              apt-get update -y
              apt-get install -y nginx
            elif command -v yum >/dev/null 2>&1; then
              # Amazon Linux 2
              yum update -y
              amazon-linux-extras install nginx1 -y || yum install -y nginx
            elif command -v dnf >/dev/null 2>&1; then
              # Amazon Linux 2023 / newer Fedora-based
              dnf install -y nginx
            fi
            
            # Enable and start nginx
            systemctl enable nginx
            systemctl start nginx
            
          [32m+[0m[0m 
          [32m+[0m[0m # Decide background colour and friendly name
          [32m+[0m[0m case "$ENV_NAME" in
          [32m+[0m[0m   dev|development)
          [32m+[0m[0m     BG_COLOR="#e3f2fd"      # light blue
          [32m+[0m[0m     TITLE="Development"
          [32m+[0m[0m     ;;
          [32m+[0m[0m   qa|test)
          [32m+[0m[0m     BG_COLOR="#fff3e0"      # light orange
          [32m+[0m[0m     TITLE="QA / Test"
          [32m+[0m[0m     ;;
          [32m+[0m[0m   stg|staging|preprod)
          [32m+[0m[0m     BG_COLOR="#f3e5f5"      # light purple
          [32m+[0m[0m     TITLE="Staging / Pre-Prod"
          [32m+[0m[0m     ;;
          [32m+[0m[0m   prod|production)
          [32m+[0m[0m     BG_COLOR="#e8f5e9"      # light green
          [32m+[0m[0m     TITLE="Production"
          [32m+[0m[0m     ;;
          [32m+[0m[0m   *)
          [32m+[0m[0m     BG_COLOR="#f5f5f5"      # light grey
          [32m+[0m[0m     TITLE="$ENV_NAME"
          [32m+[0m[0m     ;;
          [32m+[0m[0m esac
          [32m+[0m[0m 
          [32m+[0m[0m HOSTNAME=$(hostname)
          [32m+[0m[0m KERNEL=$(uname -a)
          [32m+[0m[0m DATE=$(date)
          [32m+[0m[0m 
          [32m+[0m[0m # Create a nice HTML page
          [32m+[0m[0m cat <<EOF > /var/www/html/index.html
          [32m+[0m[0m <!DOCTYPE html>
          [32m+[0m[0m <html>
          [32m+[0m[0m <head>
          [32m+[0m[0m   <title>$TITLE Environment</title>
          [32m+[0m[0m   <style>
          [32m+[0m[0m     body {
          [32m+[0m[0m       font-family: Arial, sans-serif;
          [32m+[0m[0m       background-color: $BG_COLOR;
          [32m+[0m[0m       margin: 40px;
          [32m+[0m[0m     }
          [32m+[0m[0m     h1 {
          [32m+[0m[0m       color: #222;
          [32m+[0m[0m       font-size: 2.2em;
          [32m+[0m[0m     }
          [32m+[0m[0m     .card {
          [32m+[0m[0m       background: white;
          [32m+[0m[0m       padding: 25px;
          [32m+[0m[0m       border-radius: 10px;
          [32m+[0m[0m       box-shadow: 0 4px 8px rgba(0,0,0,0.1);
          [32m+[0m[0m       max-width: 700px;
          [32m+[0m[0m     }
          [32m+[0m[0m     pre {
          [32m+[0m[0m       background: #f0f0f0;
          [32m+[0m[0m       padding: 12px;
          [32m+[0m[0m       border-radius: 5px;
          [32m+[0m[0m       overflow-x: auto;
          [32m+[0m[0m     }
          [32m+[0m[0m   </style>
          [32m+[0m[0m </head>
          [32m+[0m[0m <body>
          [32m+[0m[0m   <div class="card">
          [32m+[0m[0m     <h1>$TITLE Environment</h1>
          [32m+[0m[0m     <p><strong>Hostname:</strong> $HOSTNAME</p>
          [32m+[0m[0m     <p><strong>Environment:</strong> $ENV_NAME</p>
          [32m+[0m[0m     <p><strong>Date:</strong> $DATE</p>
          [32m+[0m[0m     <h3>System Information</h3>
          [32m+[0m[0m     <pre>$KERNEL</pre>
          [32m+[0m[0m     <p><em>Installed by Terraform user_data – Chandra Sharma</em></p>
          [32m+[0m[0m   </div>
          [32m+[0m[0m </body>
          [32m+[0m[0m </html>
          [32m+[0m[0m EOF
          [32m+[0m[0m 
          [32m+[0m[0m echo "Nginx page created for $ENV_NAME on $(date)" >> /var/log/user-data.log
          [32m+[0m[0m 
          [32m+[0m[0m 
            # Create a simple identifying page
            echo "<h1>Nginx is running on $(hostname)</h1>" > /var/www/html/index.html
            echo "<p>Environment information written by user_data</p>" >> /var/www/html/index.html
            
            # Optional: keep a log
            echo "Nginx installed successfully on $(date)" >> /var/log/user-data.log
        EOT
        [90m# (38 unchanged attributes hidden)[0m[0m

        [90m# (9 unchanged blocks hidden)[0m[0m
    }

[1m  # module.prod-app.aws_instance.chan-instance[2][0m will be updated in-place
[0m  [33m~[0m[0m resource "aws_instance" "chan-instance" {
        id                                   = "i-0e8bd2cf7544f890d"
      [33m~[0m[0m public_dns                           = "ec2-3-136-158-127.us-east-2.compute.amazonaws.com" -> (known after apply)
      [33m~[0m[0m public_ip                            = "3.136.158.127" -> (known after apply)
        tags                                 = {
            "Environment" = "prod"
            "Name"        = "prod-ec2-terra-instance-3"
        }
      [33m~[0m[0m user_data                            = <<-EOT
            #!/bin/bash
            set -e
            
            # Detect package manager and install nginx
            if command -v apt-get >/dev/null 2>&1; then
              # Ubuntu / Debian
              apt-get update -y
              apt-get install -y nginx
            elif command -v yum >/dev/null 2>&1; then
              # Amazon Linux 2
              yum update -y
              amazon-linux-extras install nginx1 -y || yum install -y nginx
            elif command -v dnf >/dev/null 2>&1; then
              # Amazon Linux 2023 / newer Fedora-based
              dnf install -y nginx
            fi
            
            # Enable and start nginx
            systemctl enable nginx
            systemctl start nginx
            
          [32m+[0m[0m 
          [32m+[0m[0m # Decide background colour and friendly name
          [32m+[0m[0m case "$ENV_NAME" in
          [32m+[0m[0m   dev|development)
          [32m+[0m[0m     BG_COLOR="#e3f2fd"      # light blue
          [32m+[0m[0m     TITLE="Development"
          [32m+[0m[0m     ;;
          [32m+[0m[0m   qa|test)
          [32m+[0m[0m     BG_COLOR="#fff3e0"      # light orange
          [32m+[0m[0m     TITLE="QA / Test"
          [32m+[0m[0m     ;;
          [32m+[0m[0m   stg|staging|preprod)
          [32m+[0m[0m     BG_COLOR="#f3e5f5"      # light purple
          [32m+[0m[0m     TITLE="Staging / Pre-Prod"
          [32m+[0m[0m     ;;
          [32m+[0m[0m   prod|production)
          [32m+[0m[0m     BG_COLOR="#e8f5e9"      # light green
          [32m+[0m[0m     TITLE="Production"
          [32m+[0m[0m     ;;
          [32m+[0m[0m   *)
          [32m+[0m[0m     BG_COLOR="#f5f5f5"      # light grey
          [32m+[0m[0m     TITLE="$ENV_NAME"
          [32m+[0m[0m     ;;
          [32m+[0m[0m esac
          [32m+[0m[0m 
          [32m+[0m[0m HOSTNAME=$(hostname)
          [32m+[0m[0m KERNEL=$(uname -a)
          [32m+[0m[0m DATE=$(date)
          [32m+[0m[0m 
          [32m+[0m[0m # Create a nice HTML page
          [32m+[0m[0m cat <<EOF > /var/www/html/index.html
          [32m+[0m[0m <!DOCTYPE html>
          [32m+[0m[0m <html>
          [32m+[0m[0m <head>
          [32m+[0m[0m   <title>$TITLE Environment</title>
          [32m+[0m[0m   <style>
          [32m+[0m[0m     body {
          [32m+[0m[0m       font-family: Arial, sans-serif;
          [32m+[0m[0m       background-color: $BG_COLOR;
          [32m+[0m[0m       margin: 40px;
          [32m+[0m[0m     }
          [32m+[0m[0m     h1 {
          [32m+[0m[0m       color: #222;
          [32m+[0m[0m       font-size: 2.2em;
          [32m+[0m[0m     }
          [32m+[0m[0m     .card {
          [32m+[0m[0m       background: white;
          [32m+[0m[0m       padding: 25px;
          [32m+[0m[0m       border-radius: 10px;
          [32m+[0m[0m       box-shadow: 0 4px 8px rgba(0,0,0,0.1);
          [32m+[0m[0m       max-width: 700px;
          [32m+[0m[0m     }
          [32m+[0m[0m     pre {
          [32m+[0m[0m       background: #f0f0f0;
          [32m+[0m[0m       padding: 12px;
          [32m+[0m[0m       border-radius: 5px;
          [32m+[0m[0m       overflow-x: auto;
          [32m+[0m[0m     }
          [32m+[0m[0m   </style>
          [32m+[0m[0m </head>
          [32m+[0m[0m <body>
          [32m+[0m[0m   <div class="card">
          [32m+[0m[0m     <h1>$TITLE Environment</h1>
          [32m+[0m[0m     <p><strong>Hostname:</strong> $HOSTNAME</p>
          [32m+[0m[0m     <p><strong>Environment:</strong> $ENV_NAME</p>
          [32m+[0m[0m     <p><strong>Date:</strong> $DATE</p>
          [32m+[0m[0m     <h3>System Information</h3>
          [32m+[0m[0m     <pre>$KERNEL</pre>
          [32m+[0m[0m     <p><em>Installed by Terraform user_data – Chandra Sharma</em></p>
          [32m+[0m[0m   </div>
          [32m+[0m[0m </body>
          [32m+[0m[0m </html>
          [32m+[0m[0m EOF
          [32m+[0m[0m 
          [32m+[0m[0m echo "Nginx page created for $ENV_NAME on $(date)" >> /var/log/user-data.log
          [32m+[0m[0m 
          [32m+[0m[0m 
            # Create a simple identifying page
            echo "<h1>Nginx is running on $(hostname)</h1>" > /var/www/html/index.html
            echo "<p>Environment information written by user_data</p>" >> /var/www/html/index.html
            
            # Optional: keep a log
            echo "Nginx installed successfully on $(date)" >> /var/log/user-data.log
        EOT
        [90m# (38 unchanged attributes hidden)[0m[0m

        [90m# (9 unchanged blocks hidden)[0m[0m
    }

[1m  # module.prod-app.aws_instance.chan-instance[3][0m will be updated in-place
[0m  [33m~[0m[0m resource "aws_instance" "chan-instance" {
        id                                   = "i-0d65f3fc81fe3b282"
      [33m~[0m[0m public_dns                           = "ec2-3-19-73-112.us-east-2.compute.amazonaws.com" -> (known after apply)
      [33m~[0m[0m public_ip                            = "3.19.73.112" -> (known after apply)
        tags                                 = {
            "Environment" = "prod"
            "Name"        = "prod-ec2-terra-instance-4"
        }
      [33m~[0m[0m user_data                            = <<-EOT
            #!/bin/bash
            set -e
            
            # Detect package manager and install nginx
            if command -v apt-get >/dev/null 2>&1; then
              # Ubuntu / Debian
              apt-get update -y
              apt-get install -y nginx
            elif command -v yum >/dev/null 2>&1; then
              # Amazon Linux 2
              yum update -y
              amazon-linux-extras install nginx1 -y || yum install -y nginx
            elif command -v dnf >/dev/null 2>&1; then
              # Amazon Linux 2023 / newer Fedora-based
              dnf install -y nginx
            fi
            
            # Enable and start nginx
            systemctl enable nginx
            systemctl start nginx
            
          [32m+[0m[0m 
          [32m+[0m[0m # Decide background colour and friendly name
          [32m+[0m[0m case "$ENV_NAME" in
          [32m+[0m[0m   dev|development)
          [32m+[0m[0m     BG_COLOR="#e3f2fd"      # light blue
          [32m+[0m[0m     TITLE="Development"
          [32m+[0m[0m     ;;
          [32m+[0m[0m   qa|test)
          [32m+[0m[0m     BG_COLOR="#fff3e0"      # light orange
          [32m+[0m[0m     TITLE="QA / Test"
          [32m+[0m[0m     ;;
          [32m+[0m[0m   stg|staging|preprod)
          [32m+[0m[0m     BG_COLOR="#f3e5f5"      # light purple
          [32m+[0m[0m     TITLE="Staging / Pre-Prod"
          [32m+[0m[0m     ;;
          [32m+[0m[0m   prod|production)
          [32m+[0m[0m     BG_COLOR="#e8f5e9"      # light green
          [32m+[0m[0m     TITLE="Production"
          [32m+[0m[0m     ;;
          [32m+[0m[0m   *)
          [32m+[0m[0m     BG_COLOR="#f5f5f5"      # light grey
          [32m+[0m[0m     TITLE="$ENV_NAME"
          [32m+[0m[0m     ;;
          [32m+[0m[0m esac
          [32m+[0m[0m 
          [32m+[0m[0m HOSTNAME=$(hostname)
          [32m+[0m[0m KERNEL=$(uname -a)
          [32m+[0m[0m DATE=$(date)
          [32m+[0m[0m 
          [32m+[0m[0m # Create a nice HTML page
          [32m+[0m[0m cat <<EOF > /var/www/html/index.html
          [32m+[0m[0m <!DOCTYPE html>
          [32m+[0m[0m <html>
          [32m+[0m[0m <head>
          [32m+[0m[0m   <title>$TITLE Environment</title>
          [32m+[0m[0m   <style>
          [32m+[0m[0m     body {
          [32m+[0m[0m       font-family: Arial, sans-serif;
          [32m+[0m[0m       background-color: $BG_COLOR;
          [32m+[0m[0m       margin: 40px;
          [32m+[0m[0m     }
          [32m+[0m[0m     h1 {
          [32m+[0m[0m       color: #222;
          [32m+[0m[0m       font-size: 2.2em;
          [32m+[0m[0m     }
          [32m+[0m[0m     .card {
          [32m+[0m[0m       background: white;
          [32m+[0m[0m       padding: 25px;
          [32m+[0m[0m       border-radius: 10px;
          [32m+[0m[0m       box-shadow: 0 4px 8px rgba(0,0,0,0.1);
          [32m+[0m[0m       max-width: 700px;
          [32m+[0m[0m     }
          [32m+[0m[0m     pre {
          [32m+[0m[0m       background: #f0f0f0;
          [32m+[0m[0m       padding: 12px;
          [32m+[0m[0m       border-radius: 5px;
          [32m+[0m[0m       overflow-x: auto;
          [32m+[0m[0m     }
          [32m+[0m[0m   </style>
          [32m+[0m[0m </head>
          [32m+[0m[0m <body>
          [32m+[0m[0m   <div class="card">
          [32m+[0m[0m     <h1>$TITLE Environment</h1>
          [32m+[0m[0m     <p><strong>Hostname:</strong> $HOSTNAME</p>
          [32m+[0m[0m     <p><strong>Environment:</strong> $ENV_NAME</p>
          [32m+[0m[0m     <p><strong>Date:</strong> $DATE</p>
          [32m+[0m[0m     <h3>System Information</h3>
          [32m+[0m[0m     <pre>$KERNEL</pre>
          [32m+[0m[0m     <p><em>Installed by Terraform user_data – Chandra Sharma</em></p>
          [32m+[0m[0m   </div>
          [32m+[0m[0m </body>
          [32m+[0m[0m </html>
          [32m+[0m[0m EOF
          [32m+[0m[0m 
          [32m+[0m[0m echo "Nginx page created for $ENV_NAME on $(date)" >> /var/log/user-data.log
          [32m+[0m[0m 
          [32m+[0m[0m 
            # Create a simple identifying page
            echo "<h1>Nginx is running on $(hostname)</h1>" > /var/www/html/index.html
            echo "<p>Environment information written by user_data</p>" >> /var/www/html/index.html
            
            # Optional: keep a log
            echo "Nginx installed successfully on $(date)" >> /var/log/user-data.log
        EOT
        [90m# (38 unchanged attributes hidden)[0m[0m

        [90m# (9 unchanged blocks hidden)[0m[0m
    }

[1m  # module.qa-app.aws_instance.chan-instance[0][0m will be updated in-place
[0m  [33m~[0m[0m resource "aws_instance" "chan-instance" {
        id                                   = "i-0f8b85bfbd99ef389"
      [33m~[0m[0m public_dns                           = "ec2-3-17-203-25.us-east-2.compute.amazonaws.com" -> (known after apply)
      [33m~[0m[0m public_ip                            = "3.17.203.25" -> (known after apply)
        tags                                 = {
            "Environment" = "qa"
            "Name"        = "qa-ec2-terra-instance-1"
        }
      [33m~[0m[0m user_data                            = <<-EOT
            #!/bin/bash
            set -e
            
            # Detect package manager and install nginx
            if command -v apt-get >/dev/null 2>&1; then
              # Ubuntu / Debian
              apt-get update -y
              apt-get install -y nginx
            elif command -v yum >/dev/null 2>&1; then
              # Amazon Linux 2
              yum update -y
              amazon-linux-extras install nginx1 -y || yum install -y nginx
            elif command -v dnf >/dev/null 2>&1; then
              # Amazon Linux 2023 / newer Fedora-based
              dnf install -y nginx
            fi
            
            # Enable and start nginx
            systemctl enable nginx
            systemctl start nginx
            
          [32m+[0m[0m 
          [32m+[0m[0m # Decide background colour and friendly name
          [32m+[0m[0m case "$ENV_NAME" in
          [32m+[0m[0m   dev|development)
          [32m+[0m[0m     BG_COLOR="#e3f2fd"      # light blue
          [32m+[0m[0m     TITLE="Development"
          [32m+[0m[0m     ;;
          [32m+[0m[0m   qa|test)
          [32m+[0m[0m     BG_COLOR="#fff3e0"      # light orange
          [32m+[0m[0m     TITLE="QA / Test"
          [32m+[0m[0m     ;;
          [32m+[0m[0m   stg|staging|preprod)
          [32m+[0m[0m     BG_COLOR="#f3e5f5"      # light purple
          [32m+[0m[0m     TITLE="Staging / Pre-Prod"
          [32m+[0m[0m     ;;
          [32m+[0m[0m   prod|production)
          [32m+[0m[0m     BG_COLOR="#e8f5e9"      # light green
          [32m+[0m[0m     TITLE="Production"
          [32m+[0m[0m     ;;
          [32m+[0m[0m   *)
          [32m+[0m[0m     BG_COLOR="#f5f5f5"      # light grey
          [32m+[0m[0m     TITLE="$ENV_NAME"
          [32m+[0m[0m     ;;
          [32m+[0m[0m esac
          [32m+[0m[0m 
          [32m+[0m[0m HOSTNAME=$(hostname)
          [32m+[0m[0m KERNEL=$(uname -a)
          [32m+[0m[0m DATE=$(date)
          [32m+[0m[0m 
          [32m+[0m[0m # Create a nice HTML page
          [32m+[0m[0m cat <<EOF > /var/www/html/index.html
          [32m+[0m[0m <!DOCTYPE html>
          [32m+[0m[0m <html>
          [32m+[0m[0m <head>
          [32m+[0m[0m   <title>$TITLE Environment</title>
          [32m+[0m[0m   <style>
          [32m+[0m[0m     body {
          [32m+[0m[0m       font-family: Arial, sans-serif;
          [32m+[0m[0m       background-color: $BG_COLOR;
          [32m+[0m[0m       margin: 40px;
          [32m+[0m[0m     }
          [32m+[0m[0m     h1 {
          [32m+[0m[0m       color: #222;
          [32m+[0m[0m       font-size: 2.2em;
          [32m+[0m[0m     }
          [32m+[0m[0m     .card {
          [32m+[0m[0m       background: white;
          [32m+[0m[0m       padding: 25px;
          [32m+[0m[0m       border-radius: 10px;
          [32m+[0m[0m       box-shadow: 0 4px 8px rgba(0,0,0,0.1);
          [32m+[0m[0m       max-width: 700px;
          [32m+[0m[0m     }
          [32m+[0m[0m     pre {
          [32m+[0m[0m       background: #f0f0f0;
          [32m+[0m[0m       padding: 12px;
          [32m+[0m[0m       border-radius: 5px;
          [32m+[0m[0m       overflow-x: auto;
          [32m+[0m[0m     }
          [32m+[0m[0m   </style>
          [32m+[0m[0m </head>
          [32m+[0m[0m <body>
          [32m+[0m[0m   <div class="card">
          [32m+[0m[0m     <h1>$TITLE Environment</h1>
          [32m+[0m[0m     <p><strong>Hostname:</strong> $HOSTNAME</p>
          [32m+[0m[0m     <p><strong>Environment:</strong> $ENV_NAME</p>
          [32m+[0m[0m     <p><strong>Date:</strong> $DATE</p>
          [32m+[0m[0m     <h3>System Information</h3>
          [32m+[0m[0m     <pre>$KERNEL</pre>
          [32m+[0m[0m     <p><em>Installed by Terraform user_data – Chandra Sharma</em></p>
          [32m+[0m[0m   </div>
          [32m+[0m[0m </body>
          [32m+[0m[0m </html>
          [32m+[0m[0m EOF
          [32m+[0m[0m 
          [32m+[0m[0m echo "Nginx page created for $ENV_NAME on $(date)" >> /var/log/user-data.log
          [32m+[0m[0m 
          [32m+[0m[0m 
            # Create a simple identifying page
            echo "<h1>Nginx is running on $(hostname)</h1>" > /var/www/html/index.html
            echo "<p>Environment information written by user_data</p>" >> /var/www/html/index.html
            
            # Optional: keep a log
            echo "Nginx installed successfully on $(date)" >> /var/log/user-data.log
        EOT
        [90m# (38 unchanged attributes hidden)[0m[0m

        [90m# (9 unchanged blocks hidden)[0m[0m
    }

[1m  # module.qa-app.aws_instance.chan-instance[1][0m will be updated in-place
[0m  [33m~[0m[0m resource "aws_instance" "chan-instance" {
        id                                   = "i-0b9a4bafc7d42dcbe"
      [33m~[0m[0m public_dns                           = "ec2-18-220-144-22.us-east-2.compute.amazonaws.com" -> (known after apply)
      [33m~[0m[0m public_ip                            = "18.220.144.22" -> (known after apply)
        tags                                 = {
            "Environment" = "qa"
            "Name"        = "qa-ec2-terra-instance-2"
        }
      [33m~[0m[0m user_data                            = <<-EOT
            #!/bin/bash
            set -e
            
            # Detect package manager and install nginx
            if command -v apt-get >/dev/null 2>&1; then
              # Ubuntu / Debian
              apt-get update -y
              apt-get install -y nginx
            elif command -v yum >/dev/null 2>&1; then
              # Amazon Linux 2
              yum update -y
              amazon-linux-extras install nginx1 -y || yum install -y nginx
            elif command -v dnf >/dev/null 2>&1; then
              # Amazon Linux 2023 / newer Fedora-based
              dnf install -y nginx
            fi
            
            # Enable and start nginx
            systemctl enable nginx
            systemctl start nginx
            
          [32m+[0m[0m 
          [32m+[0m[0m # Decide background colour and friendly name
          [32m+[0m[0m case "$ENV_NAME" in
          [32m+[0m[0m   dev|development)
          [32m+[0m[0m     BG_COLOR="#e3f2fd"      # light blue
          [32m+[0m[0m     TITLE="Development"
          [32m+[0m[0m     ;;
          [32m+[0m[0m   qa|test)
          [32m+[0m[0m     BG_COLOR="#fff3e0"      # light orange
          [32m+[0m[0m     TITLE="QA / Test"
          [32m+[0m[0m     ;;
          [32m+[0m[0m   stg|staging|preprod)
          [32m+[0m[0m     BG_COLOR="#f3e5f5"      # light purple
          [32m+[0m[0m     TITLE="Staging / Pre-Prod"
          [32m+[0m[0m     ;;
          [32m+[0m[0m   prod|production)
          [32m+[0m[0m     BG_COLOR="#e8f5e9"      # light green
          [32m+[0m[0m     TITLE="Production"
          [32m+[0m[0m     ;;
          [32m+[0m[0m   *)
          [32m+[0m[0m     BG_COLOR="#f5f5f5"      # light grey
          [32m+[0m[0m     TITLE="$ENV_NAME"
          [32m+[0m[0m     ;;
          [32m+[0m[0m esac
          [32m+[0m[0m 
          [32m+[0m[0m HOSTNAME=$(hostname)
          [32m+[0m[0m KERNEL=$(uname -a)
          [32m+[0m[0m DATE=$(date)
          [32m+[0m[0m 
          [32m+[0m[0m # Create a nice HTML page
          [32m+[0m[0m cat <<EOF > /var/www/html/index.html
          [32m+[0m[0m <!DOCTYPE html>
          [32m+[0m[0m <html>
          [32m+[0m[0m <head>
          [32m+[0m[0m   <title>$TITLE Environment</title>
          [32m+[0m[0m   <style>
          [32m+[0m[0m     body {
          [32m+[0m[0m       font-family: Arial, sans-serif;
          [32m+[0m[0m       background-color: $BG_COLOR;
          [32m+[0m[0m       margin: 40px;
          [32m+[0m[0m     }
          [32m+[0m[0m     h1 {
          [32m+[0m[0m       color: #222;
          [32m+[0m[0m       font-size: 2.2em;
          [32m+[0m[0m     }
          [32m+[0m[0m     .card {
          [32m+[0m[0m       background: white;
          [32m+[0m[0m       padding: 25px;
          [32m+[0m[0m       border-radius: 10px;
          [32m+[0m[0m       box-shadow: 0 4px 8px rgba(0,0,0,0.1);
          [32m+[0m[0m       max-width: 700px;
          [32m+[0m[0m     }
          [32m+[0m[0m     pre {
          [32m+[0m[0m       background: #f0f0f0;
          [32m+[0m[0m       padding: 12px;
          [32m+[0m[0m       border-radius: 5px;
          [32m+[0m[0m       overflow-x: auto;
          [32m+[0m[0m     }
          [32m+[0m[0m   </style>
          [32m+[0m[0m </head>
          [32m+[0m[0m <body>
          [32m+[0m[0m   <div class="card">
          [32m+[0m[0m     <h1>$TITLE Environment</h1>
          [32m+[0m[0m     <p><strong>Hostname:</strong> $HOSTNAME</p>
          [32m+[0m[0m     <p><strong>Environment:</strong> $ENV_NAME</p>
          [32m+[0m[0m     <p><strong>Date:</strong> $DATE</p>
          [32m+[0m[0m     <h3>System Information</h3>
          [32m+[0m[0m     <pre>$KERNEL</pre>
          [32m+[0m[0m     <p><em>Installed by Terraform user_data – Chandra Sharma</em></p>
          [32m+[0m[0m   </div>
          [32m+[0m[0m </body>
          [32m+[0m[0m </html>
          [32m+[0m[0m EOF
          [32m+[0m[0m 
          [32m+[0m[0m echo "Nginx page created for $ENV_NAME on $(date)" >> /var/log/user-data.log
          [32m+[0m[0m 
          [32m+[0m[0m 
            # Create a simple identifying page
            echo "<h1>Nginx is running on $(hostname)</h1>" > /var/www/html/index.html
            echo "<p>Environment information written by user_data</p>" >> /var/www/html/index.html
            
            # Optional: keep a log
            echo "Nginx installed successfully on $(date)" >> /var/log/user-data.log
        EOT
        [90m# (38 unchanged attributes hidden)[0m[0m

        [90m# (9 unchanged blocks hidden)[0m[0m
    }

[1m  # module.stg-app.aws_instance.chan-instance[0][0m will be updated in-place
[0m  [33m~[0m[0m resource "aws_instance" "chan-instance" {
        id                                   = "i-0926fc9dd4ec006ad"
      [33m~[0m[0m public_dns                           = "ec2-18-224-180-12.us-east-2.compute.amazonaws.com" -> (known after apply)
      [33m~[0m[0m public_ip                            = "18.224.180.12" -> (known after apply)
        tags                                 = {
            "Environment" = "stg"
            "Name"        = "stg-ec2-terra-instance-1"
        }
      [33m~[0m[0m user_data                            = <<-EOT
            #!/bin/bash
            set -e
            
            # Detect package manager and install nginx
            if command -v apt-get >/dev/null 2>&1; then
              # Ubuntu / Debian
              apt-get update -y
              apt-get install -y nginx
            elif command -v yum >/dev/null 2>&1; then
              # Amazon Linux 2
              yum update -y
              amazon-linux-extras install nginx1 -y || yum install -y nginx
            elif command -v dnf >/dev/null 2>&1; then
              # Amazon Linux 2023 / newer Fedora-based
              dnf install -y nginx
            fi
            
            # Enable and start nginx
            systemctl enable nginx
            systemctl start nginx
            
          [32m+[0m[0m 
          [32m+[0m[0m # Decide background colour and friendly name
          [32m+[0m[0m case "$ENV_NAME" in
          [32m+[0m[0m   dev|development)
          [32m+[0m[0m     BG_COLOR="#e3f2fd"      # light blue
          [32m+[0m[0m     TITLE="Development"
          [32m+[0m[0m     ;;
          [32m+[0m[0m   qa|test)
          [32m+[0m[0m     BG_COLOR="#fff3e0"      # light orange
          [32m+[0m[0m     TITLE="QA / Test"
          [32m+[0m[0m     ;;
          [32m+[0m[0m   stg|staging|preprod)
          [32m+[0m[0m     BG_COLOR="#f3e5f5"      # light purple
          [32m+[0m[0m     TITLE="Staging / Pre-Prod"
          [32m+[0m[0m     ;;
          [32m+[0m[0m   prod|production)
          [32m+[0m[0m     BG_COLOR="#e8f5e9"      # light green
          [32m+[0m[0m     TITLE="Production"
          [32m+[0m[0m     ;;
          [32m+[0m[0m   *)
          [32m+[0m[0m     BG_COLOR="#f5f5f5"      # light grey
          [32m+[0m[0m     TITLE="$ENV_NAME"
          [32m+[0m[0m     ;;
          [32m+[0m[0m esac
          [32m+[0m[0m 
          [32m+[0m[0m HOSTNAME=$(hostname)
          [32m+[0m[0m KERNEL=$(uname -a)
          [32m+[0m[0m DATE=$(date)
          [32m+[0m[0m 
          [32m+[0m[0m # Create a nice HTML page
          [32m+[0m[0m cat <<EOF > /var/www/html/index.html
          [32m+[0m[0m <!DOCTYPE html>
          [32m+[0m[0m <html>
          [32m+[0m[0m <head>
          [32m+[0m[0m   <title>$TITLE Environment</title>
          [32m+[0m[0m   <style>
          [32m+[0m[0m     body {
          [32m+[0m[0m       font-family: Arial, sans-serif;
          [32m+[0m[0m       background-color: $BG_COLOR;
          [32m+[0m[0m       margin: 40px;
          [32m+[0m[0m     }
          [32m+[0m[0m     h1 {
          [32m+[0m[0m       color: #222;
          [32m+[0m[0m       font-size: 2.2em;
          [32m+[0m[0m     }
          [32m+[0m[0m     .card {
          [32m+[0m[0m       background: white;
          [32m+[0m[0m       padding: 25px;
          [32m+[0m[0m       border-radius: 10px;
          [32m+[0m[0m       box-shadow: 0 4px 8px rgba(0,0,0,0.1);
          [32m+[0m[0m       max-width: 700px;
          [32m+[0m[0m     }
          [32m+[0m[0m     pre {
          [32m+[0m[0m       background: #f0f0f0;
          [32m+[0m[0m       padding: 12px;
          [32m+[0m[0m       border-radius: 5px;
          [32m+[0m[0m       overflow-x: auto;
          [32m+[0m[0m     }
          [32m+[0m[0m   </style>
          [32m+[0m[0m </head>
          [32m+[0m[0m <body>
          [32m+[0m[0m   <div class="card">
          [32m+[0m[0m     <h1>$TITLE Environment</h1>
          [32m+[0m[0m     <p><strong>Hostname:</strong> $HOSTNAME</p>
          [32m+[0m[0m     <p><strong>Environment:</strong> $ENV_NAME</p>
          [32m+[0m[0m     <p><strong>Date:</strong> $DATE</p>
          [32m+[0m[0m     <h3>System Information</h3>
          [32m+[0m[0m     <pre>$KERNEL</pre>
          [32m+[0m[0m     <p><em>Installed by Terraform user_data – Chandra Sharma</em></p>
          [32m+[0m[0m   </div>
          [32m+[0m[0m </body>
          [32m+[0m[0m </html>
          [32m+[0m[0m EOF
          [32m+[0m[0m 
          [32m+[0m[0m echo "Nginx page created for $ENV_NAME on $(date)" >> /var/log/user-data.log
          [32m+[0m[0m 
          [32m+[0m[0m 
            # Create a simple identifying page
            echo "<h1>Nginx is running on $(hostname)</h1>" > /var/www/html/index.html
            echo "<p>Environment information written by user_data</p>" >> /var/www/html/index.html
            
            # Optional: keep a log
            echo "Nginx installed successfully on $(date)" >> /var/log/user-data.log
        EOT
        [90m# (38 unchanged attributes hidden)[0m[0m

        [90m# (9 unchanged blocks hidden)[0m[0m
    }

[1m  # module.stg-app.aws_instance.chan-instance[1][0m will be updated in-place
[0m  [33m~[0m[0m resource "aws_instance" "chan-instance" {
        id                                   = "i-07f50edf81fcaadc3"
      [33m~[0m[0m public_dns                           = "ec2-3-138-193-79.us-east-2.compute.amazonaws.com" -> (known after apply)
      [33m~[0m[0m public_ip                            = "3.138.193.79" -> (known after apply)
        tags                                 = {
            "Environment" = "stg"
            "Name"        = "stg-ec2-terra-instance-2"
        }
      [33m~[0m[0m user_data                            = <<-EOT
            #!/bin/bash
            set -e
            
            # Detect package manager and install nginx
            if command -v apt-get >/dev/null 2>&1; then
              # Ubuntu / Debian
              apt-get update -y
              apt-get install -y nginx
            elif command -v yum >/dev/null 2>&1; then
              # Amazon Linux 2
              yum update -y
              amazon-linux-extras install nginx1 -y || yum install -y nginx
            elif command -v dnf >/dev/null 2>&1; then
              # Amazon Linux 2023 / newer Fedora-based
              dnf install -y nginx
            fi
            
            # Enable and start nginx
            systemctl enable nginx
            systemctl start nginx
            
          [32m+[0m[0m 
          [32m+[0m[0m # Decide background colour and friendly name
          [32m+[0m[0m case "$ENV_NAME" in
          [32m+[0m[0m   dev|development)
          [32m+[0m[0m     BG_COLOR="#e3f2fd"      # light blue
          [32m+[0m[0m     TITLE="Development"
          [32m+[0m[0m     ;;
          [32m+[0m[0m   qa|test)
          [32m+[0m[0m     BG_COLOR="#fff3e0"      # light orange
          [32m+[0m[0m     TITLE="QA / Test"
          [32m+[0m[0m     ;;
          [32m+[0m[0m   stg|staging|preprod)
          [32m+[0m[0m     BG_COLOR="#f3e5f5"      # light purple
          [32m+[0m[0m     TITLE="Staging / Pre-Prod"
          [32m+[0m[0m     ;;
          [32m+[0m[0m   prod|production)
          [32m+[0m[0m     BG_COLOR="#e8f5e9"      # light green
          [32m+[0m[0m     TITLE="Production"
          [32m+[0m[0m     ;;
          [32m+[0m[0m   *)
          [32m+[0m[0m     BG_COLOR="#f5f5f5"      # light grey
          [32m+[0m[0m     TITLE="$ENV_NAME"
          [32m+[0m[0m     ;;
          [32m+[0m[0m esac
          [32m+[0m[0m 
          [32m+[0m[0m HOSTNAME=$(hostname)
          [32m+[0m[0m KERNEL=$(uname -a)
          [32m+[0m[0m DATE=$(date)
          [32m+[0m[0m 
          [32m+[0m[0m # Create a nice HTML page
          [32m+[0m[0m cat <<EOF > /var/www/html/index.html
          [32m+[0m[0m <!DOCTYPE html>
          [32m+[0m[0m <html>
          [32m+[0m[0m <head>
          [32m+[0m[0m   <title>$TITLE Environment</title>
          [32m+[0m[0m   <style>
          [32m+[0m[0m     body {
          [32m+[0m[0m       font-family: Arial, sans-serif;
          [32m+[0m[0m       background-color: $BG_COLOR;
          [32m+[0m[0m       margin: 40px;
          [32m+[0m[0m     }
          [32m+[0m[0m     h1 {
          [32m+[0m[0m       color: #222;
          [32m+[0m[0m       font-size: 2.2em;
          [32m+[0m[0m     }
          [32m+[0m[0m     .card {
          [32m+[0m[0m       background: white;
          [32m+[0m[0m       padding: 25px;
          [32m+[0m[0m       border-radius: 10px;
          [32m+[0m[0m       box-shadow: 0 4px 8px rgba(0,0,0,0.1);
          [32m+[0m[0m       max-width: 700px;
          [32m+[0m[0m     }
          [32m+[0m[0m     pre {
          [32m+[0m[0m       background: #f0f0f0;
          [32m+[0m[0m       padding: 12px;
          [32m+[0m[0m       border-radius: 5px;
          [32m+[0m[0m       overflow-x: auto;
          [32m+[0m[0m     }
          [32m+[0m[0m   </style>
          [32m+[0m[0m </head>
          [32m+[0m[0m <body>
          [32m+[0m[0m   <div class="card">
          [32m+[0m[0m     <h1>$TITLE Environment</h1>
          [32m+[0m[0m     <p><strong>Hostname:</strong> $HOSTNAME</p>
          [32m+[0m[0m     <p><strong>Environment:</strong> $ENV_NAME</p>
          [32m+[0m[0m     <p><strong>Date:</strong> $DATE</p>
          [32m+[0m[0m     <h3>System Information</h3>
          [32m+[0m[0m     <pre>$KERNEL</pre>
          [32m+[0m[0m     <p><em>Installed by Terraform user_data – Chandra Sharma</em></p>
          [32m+[0m[0m   </div>
          [32m+[0m[0m </body>
          [32m+[0m[0m </html>
          [32m+[0m[0m EOF
          [32m+[0m[0m 
          [32m+[0m[0m echo "Nginx page created for $ENV_NAME on $(date)" >> /var/log/user-data.log
          [32m+[0m[0m 
          [32m+[0m[0m 
            # Create a simple identifying page
            echo "<h1>Nginx is running on $(hostname)</h1>" > /var/www/html/index.html
            echo "<p>Environment information written by user_data</p>" >> /var/www/html/index.html
            
            # Optional: keep a log
            echo "Nginx installed successfully on $(date)" >> /var/log/user-data.log
        EOT
        [90m# (38 unchanged attributes hidden)[0m[0m

        [90m# (9 unchanged blocks hidden)[0m[0m
    }

[1m  # module.stg-app.aws_instance.chan-instance[2][0m will be updated in-place
[0m  [33m~[0m[0m resource "aws_instance" "chan-instance" {
        id                                   = "i-0c386a97e63c8bd0c"
      [33m~[0m[0m public_dns                           = "ec2-18-222-153-82.us-east-2.compute.amazonaws.com" -> (known after apply)
      [33m~[0m[0m public_ip                            = "18.222.153.82" -> (known after apply)
        tags                                 = {
            "Environment" = "stg"
            "Name"        = "stg-ec2-terra-instance-3"
        }
      [33m~[0m[0m user_data                            = <<-EOT
            #!/bin/bash
            set -e
            
            # Detect package manager and install nginx
            if command -v apt-get >/dev/null 2>&1; then
              # Ubuntu / Debian
              apt-get update -y
              apt-get install -y nginx
            elif command -v yum >/dev/null 2>&1; then
              # Amazon Linux 2
              yum update -y
              amazon-linux-extras install nginx1 -y || yum install -y nginx
            elif command -v dnf >/dev/null 2>&1; then
              # Amazon Linux 2023 / newer Fedora-based
              dnf install -y nginx
            fi
            
            # Enable and start nginx
            systemctl enable nginx
            systemctl start nginx
            
          [32m+[0m[0m 
          [32m+[0m[0m # Decide background colour and friendly name
          [32m+[0m[0m case "$ENV_NAME" in
          [32m+[0m[0m   dev|development)
          [32m+[0m[0m     BG_COLOR="#e3f2fd"      # light blue
          [32m+[0m[0m     TITLE="Development"
          [32m+[0m[0m     ;;
          [32m+[0m[0m   qa|test)
          [32m+[0m[0m     BG_COLOR="#fff3e0"      # light orange
          [32m+[0m[0m     TITLE="QA / Test"
          [32m+[0m[0m     ;;
          [32m+[0m[0m   stg|staging|preprod)
          [32m+[0m[0m     BG_COLOR="#f3e5f5"      # light purple
          [32m+[0m[0m     TITLE="Staging / Pre-Prod"
          [32m+[0m[0m     ;;
          [32m+[0m[0m   prod|production)
          [32m+[0m[0m     BG_COLOR="#e8f5e9"      # light green
          [32m+[0m[0m     TITLE="Production"
          [32m+[0m[0m     ;;
          [32m+[0m[0m   *)
          [32m+[0m[0m     BG_COLOR="#f5f5f5"      # light grey
          [32m+[0m[0m     TITLE="$ENV_NAME"
          [32m+[0m[0m     ;;
          [32m+[0m[0m esac
          [32m+[0m[0m 
          [32m+[0m[0m HOSTNAME=$(hostname)
          [32m+[0m[0m KERNEL=$(uname -a)
          [32m+[0m[0m DATE=$(date)
          [32m+[0m[0m 
          [32m+[0m[0m # Create a nice HTML page
          [32m+[0m[0m cat <<EOF > /var/www/html/index.html
          [32m+[0m[0m <!DOCTYPE html>
          [32m+[0m[0m <html>
          [32m+[0m[0m <head>
          [32m+[0m[0m   <title>$TITLE Environment</title>
          [32m+[0m[0m   <style>
          [32m+[0m[0m     body {
          [32m+[0m[0m       font-family: Arial, sans-serif;
          [32m+[0m[0m       background-color: $BG_COLOR;
          [32m+[0m[0m       margin: 40px;
          [32m+[0m[0m     }
          [32m+[0m[0m     h1 {
          [32m+[0m[0m       color: #222;
          [32m+[0m[0m       font-size: 2.2em;
          [32m+[0m[0m     }
          [32m+[0m[0m     .card {
          [32m+[0m[0m       background: white;
          [32m+[0m[0m       padding: 25px;
          [32m+[0m[0m       border-radius: 10px;
          [32m+[0m[0m       box-shadow: 0 4px 8px rgba(0,0,0,0.1);
          [32m+[0m[0m       max-width: 700px;
          [32m+[0m[0m     }
          [32m+[0m[0m     pre {
          [32m+[0m[0m       background: #f0f0f0;
          [32m+[0m[0m       padding: 12px;
          [32m+[0m[0m       border-radius: 5px;
          [32m+[0m[0m       overflow-x: auto;
          [32m+[0m[0m     }
          [32m+[0m[0m   </style>
          [32m+[0m[0m </head>
          [32m+[0m[0m <body>
          [32m+[0m[0m   <div class="card">
          [32m+[0m[0m     <h1>$TITLE Environment</h1>
          [32m+[0m[0m     <p><strong>Hostname:</strong> $HOSTNAME</p>
          [32m+[0m[0m     <p><strong>Environment:</strong> $ENV_NAME</p>
          [32m+[0m[0m     <p><strong>Date:</strong> $DATE</p>
          [32m+[0m[0m     <h3>System Information</h3>
          [32m+[0m[0m     <pre>$KERNEL</pre>
          [32m+[0m[0m     <p><em>Installed by Terraform user_data – Chandra Sharma</em></p>
          [32m+[0m[0m   </div>
          [32m+[0m[0m </body>
          [32m+[0m[0m </html>
          [32m+[0m[0m EOF
          [32m+[0m[0m 
          [32m+[0m[0m echo "Nginx page created for $ENV_NAME on $(date)" >> /var/log/user-data.log
          [32m+[0m[0m 
          [32m+[0m[0m 
            # Create a simple identifying page
            echo "<h1>Nginx is running on $(hostname)</h1>" > /var/www/html/index.html
            echo "<p>Environment information written by user_data</p>" >> /var/www/html/index.html
            
            # Optional: keep a log
            echo "Nginx installed successfully on $(date)" >> /var/log/user-data.log
        EOT
        [90m# (38 unchanged attributes hidden)[0m[0m

        [90m# (9 unchanged blocks hidden)[0m[0m
    }

[1mPlan:[0m [0m0 to add, 10 to change, 0 to destroy.

Changes to Outputs:
  [33m~[0m[0m all_ec2_instances = {
      [33m~[0m[0m dev-1  = {
            name        = "dev-ec2-terra-instance-1"
          [33m~[0m[0m public_ip   = "3.131.82.243" -> (known after apply)
            [90m# (2 unchanged attributes hidden)[0m[0m
        }
      [33m~[0m[0m prod-1 = {
            name        = "prod-ec2-terra-instance-1"
          [33m~[0m[0m public_ip   = "3.21.102.220" -> (known after apply)
            [90m# (2 unchanged attributes hidden)[0m[0m
        }
      [33m~[0m[0m prod-2 = {
            name        = "prod-ec2-terra-instance-2"
          [33m~[0m[0m public_ip   = "3.144.155.170" -> (known after apply)
            [90m# (2 unchanged attributes hidden)[0m[0m
        }
      [33m~[0m[0m prod-3 = {
            name        = "prod-ec2-terra-instance-3"
          [33m~[0m[0m public_ip   = "3.136.158.127" -> (known after apply)
            [90m# (2 unchanged attributes hidden)[0m[0m
        }
      [33m~[0m[0m prod-4 = {
            name        = "prod-ec2-terra-instance-4"
          [33m~[0m[0m public_ip   = "3.19.73.112" -> (known after apply)
            [90m# (2 unchanged attributes hidden)[0m[0m
        }
      [33m~[0m[0m qa-1   = {
            name        = "qa-ec2-terra-instance-1"
          [33m~[0m[0m public_ip   = "3.17.203.25" -> (known after apply)
            [90m# (2 unchanged attributes hidden)[0m[0m
        }
      [33m~[0m[0m qa-2   = {
            name        = "qa-ec2-terra-instance-2"
          [33m~[0m[0m public_ip   = "18.220.144.22" -> (known after apply)
            [90m# (2 unchanged attributes hidden)[0m[0m
        }
      [33m~[0m[0m stg-1  = {
            name        = "stg-ec2-terra-instance-1"
          [33m~[0m[0m public_ip   = "18.224.180.12" -> (known after apply)
            [90m# (2 unchanged attributes hidden)[0m[0m
        }
      [33m~[0m[0m stg-2  = {
            name        = "stg-ec2-terra-instance-2"
          [33m~[0m[0m public_ip   = "3.138.193.79" -> (known after apply)
            [90m# (2 unchanged attributes hidden)[0m[0m
        }
      [33m~[0m[0m stg-3  = {
            name        = "stg-ec2-terra-instance-3"
          [33m~[0m[0m public_ip   = "18.222.153.82" -> (known after apply)
            [90m# (2 unchanged attributes hidden)[0m[0m
        }
    }
[0m[1mmodule.stg-app.aws_instance.chan-instance[2]: Modifying... [id=i-0c386a97e63c8bd0c][0m[0m
[0m[1mmodule.stg-app.aws_instance.chan-instance[1]: Modifying... [id=i-07f50edf81fcaadc3][0m[0m
[0m[1mmodule.dev-app.aws_instance.chan-instance[0]: Modifying... [id=i-0206d8df899604555][0m[0m
[0m[1mmodule.prod-app.aws_instance.chan-instance[0]: Modifying... [id=i-008e9b1cb3962c10e][0m[0m
[0m[1mmodule.prod-app.aws_instance.chan-instance[2]: Modifying... [id=i-0e8bd2cf7544f890d][0m[0m
[0m[1mmodule.prod-app.aws_instance.chan-instance[1]: Modifying... [id=i-021df2bd2c9ba66cc][0m[0m
[0m[1mmodule.stg-app.aws_instance.chan-instance[0]: Modifying... [id=i-0926fc9dd4ec006ad][0m[0m
[0m[1mmodule.qa-app.aws_instance.chan-instance[0]: Modifying... [id=i-0f8b85bfbd99ef389][0m[0m
[0m[1mmodule.qa-app.aws_instance.chan-instance[1]: Modifying... [id=i-0b9a4bafc7d42dcbe][0m[0m
[0m[1mmodule.prod-app.aws_instance.chan-instance[3]: Modifying... [id=i-0d65f3fc81fe3b282][0m[0m
[0m[1mmodule.stg-app.aws_instance.chan-instance[2]: Still modifying... [id=i-0c386a97e63c8bd0c, 00m10s elapsed][0m[0m
[0m[1mmodule.stg-app.aws_instance.chan-instance[1]: Still modifying... [id=i-07f50edf81fcaadc3, 00m10s elapsed][0m[0m
[0m[1mmodule.dev-app.aws_instance.chan-instance[0]: Still modifying... [id=i-0206d8df899604555, 00m10s elapsed][0m[0m
[0m[1mmodule.prod-app.aws_instance.chan-instance[2]: Still modifying... [id=i-0e8bd2cf7544f890d, 00m10s elapsed][0m[0m
[0m[1mmodule.prod-app.aws_instance.chan-instance[0]: Still modifying... [id=i-008e9b1cb3962c10e, 00m10s elapsed][0m[0m
[0m[1mmodule.prod-app.aws_instance.chan-instance[1]: Still modifying... [id=i-021df2bd2c9ba66cc, 00m10s elapsed][0m[0m
[0m[1mmodule.stg-app.aws_instance.chan-instance[0]: Still modifying... [id=i-0926fc9dd4ec006ad, 00m10s elapsed][0m[0m
[0m[1mmodule.qa-app.aws_instance.chan-instance[0]: Still modifying... [id=i-0f8b85bfbd99ef389, 00m10s elapsed][0m[0m
[0m[1mmodule.qa-app.aws_instance.chan-instance[1]: Still modifying... [id=i-0b9a4bafc7d42dcbe, 00m10s elapsed][0m[0m
[0m[1mmodule.prod-app.aws_instance.chan-instance[3]: Still modifying... [id=i-0d65f3fc81fe3b282, 00m10s elapsed][0m[0m
[0m[1mmodule.stg-app.aws_instance.chan-instance[2]: Still modifying... [id=i-0c386a97e63c8bd0c, 00m20s elapsed][0m[0m
[0m[1mmodule.dev-app.aws_instance.chan-instance[0]: Still modifying... [id=i-0206d8df899604555, 00m20s elapsed][0m[0m
[0m[1mmodule.stg-app.aws_instance.chan-instance[1]: Still modifying... [id=i-07f50edf81fcaadc3, 00m20s elapsed][0m[0m
[0m[1mmodule.prod-app.aws_instance.chan-instance[1]: Still modifying... [id=i-021df2bd2c9ba66cc, 00m20s elapsed][0m[0m
[0m[1mmodule.prod-app.aws_instance.chan-instance[2]: Still modifying... [id=i-0e8bd2cf7544f890d, 00m20s elapsed][0m[0m
[0m[1mmodule.prod-app.aws_instance.chan-instance[0]: Still modifying... [id=i-008e9b1cb3962c10e, 00m20s elapsed][0m[0m
[0m[1mmodule.stg-app.aws_instance.chan-instance[0]: Still modifying... [id=i-0926fc9dd4ec006ad, 00m20s elapsed][0m[0m
[0m[1mmodule.qa-app.aws_instance.chan-instance[0]: Still modifying... [id=i-0f8b85bfbd99ef389, 00m20s elapsed][0m[0m
[0m[1mmodule.qa-app.aws_instance.chan-instance[1]: Still modifying... [id=i-0b9a4bafc7d42dcbe, 00m20s elapsed][0m[0m
[0m[1mmodule.prod-app.aws_instance.chan-instance[3]: Still modifying... [id=i-0d65f3fc81fe3b282, 00m20s elapsed][0m[0m
[0m[1mmodule.prod-app.aws_instance.chan-instance[2]: Modifications complete after 27s [id=i-0e8bd2cf7544f890d][0m
[0m[1mmodule.prod-app.aws_instance.chan-instance[0]: Modifications complete after 27s [id=i-008e9b1cb3962c10e][0m
[0m[1mmodule.prod-app.aws_instance.chan-instance[3]: Modifications complete after 27s [id=i-0d65f3fc81fe3b282][0m
[0m[1mmodule.prod-app.aws_instance.chan-instance[1]: Modifications complete after 28s [id=i-021df2bd2c9ba66cc][0m
[0m[1mmodule.stg-app.aws_instance.chan-instance[2]: Still modifying... [id=i-0c386a97e63c8bd0c, 00m30s elapsed][0m[0m
[0m[1mmodule.stg-app.aws_instance.chan-instance[1]: Still modifying... [id=i-07f50edf81fcaadc3, 00m30s elapsed][0m[0m
[0m[1mmodule.stg-app.aws_instance.chan-instance[0]: Still modifying... [id=i-0926fc9dd4ec006ad, 00m30s elapsed][0m[0m
[0m[1mmodule.dev-app.aws_instance.chan-instance[0]: Still modifying... [id=i-0206d8df899604555, 00m30s elapsed][0m[0m
[0m[1mmodule.qa-app.aws_instance.chan-instance[0]: Still modifying... [id=i-0f8b85bfbd99ef389, 00m30s elapsed][0m[0m
[0m[1mmodule.qa-app.aws_instance.chan-instance[1]: Still modifying... [id=i-0b9a4bafc7d42dcbe, 00m30s elapsed][0m[0m
[0m[1mmodule.stg-app.aws_instance.chan-instance[1]: Modifications complete after 31s [id=i-07f50edf81fcaadc3][0m
[0m[1mmodule.qa-app.aws_instance.chan-instance[1]: Modifications complete after 31s [id=i-0b9a4bafc7d42dcbe][0m
[0m[1mmodule.stg-app.aws_instance.chan-instance[2]: Modifications complete after 31s [id=i-0c386a97e63c8bd0c][0m
[0m[1mmodule.dev-app.aws_instance.chan-instance[0]: Modifications complete after 37s [id=i-0206d8df899604555][0m
[0m[1mmodule.qa-app.aws_instance.chan-instance[0]: Modifications complete after 37s [id=i-0f8b85bfbd99ef389][0m
[0m[1mmodule.stg-app.aws_instance.chan-instance[0]: Still modifying... [id=i-0926fc9dd4ec006ad, 00m40s elapsed][0m[0m
[0m[1mmodule.stg-app.aws_instance.chan-instance[0]: Modifications complete after 48s [id=i-0926fc9dd4ec006ad][0m
[0m[1m[32m
Apply complete! Resources: 0 added, 10 changed, 0 destroyed.[0m
[0m[1m[32m
Outputs:

[0mall_ec2_instances = {
  "dev-1" = {
    "instance_id" = "i-0206d8df899604555"
    "name" = "dev-ec2-terra-instance-1"
    "private_ip" = "172.31.47.213"
    "public_ip" = "18.226.91.202"
  }
  "prod-1" = {
    "instance_id" = "i-008e9b1cb3962c10e"
    "name" = "prod-ec2-terra-instance-1"
    "private_ip" = "172.31.47.152"
    "public_ip" = "77.112.18.182"
  }
  "prod-2" = {
    "instance_id" = "i-021df2bd2c9ba66cc"
    "name" = "prod-ec2-terra-instance-2"
    "private_ip" = "172.31.44.239"
    "public_ip" = "3.15.172.204"
  }
  "prod-3" = {
    "instance_id" = "i-0e8bd2cf7544f890d"
    "name" = "prod-ec2-terra-instance-3"
    "private_ip" = "172.31.44.205"
    "public_ip" = "18.224.246.57"
  }
  "prod-4" = {
    "instance_id" = "i-0d65f3fc81fe3b282"
    "name" = "prod-ec2-terra-instance-4"
    "private_ip" = "172.31.42.150"
    "public_ip" = "18.188.205.129"
  }
  "qa-1" = {
    "instance_id" = "i-0f8b85bfbd99ef389"
    "name" = "qa-ec2-terra-instance-1"
    "private_ip" = "172.31.34.179"
    "public_ip" = "3.142.93.162"
  }
  "qa-2" = {
    "instance_id" = "i-0b9a4bafc7d42dcbe"
    "name" = "qa-ec2-terra-instance-2"
    "private_ip" = "172.31.41.67"
    "public_ip" = "18.117.219.172"
  }
  "stg-1" = {
    "instance_id" = "i-0926fc9dd4ec006ad"
    "name" = "stg-ec2-terra-instance-1"
    "private_ip" = "172.31.43.133"
    "public_ip" = "18.118.213.63"
  }
  "stg-2" = {
    "instance_id" = "i-07f50edf81fcaadc3"
    "name" = "stg-ec2-terra-instance-2"
    "private_ip" = "172.31.36.2"
    "public_ip" = "3.14.80.206"
  }
  "stg-3" = {
    "instance_id" = "i-0c386a97e63c8bd0c"
    "name" = "stg-ec2-terra-instance-3"
    "private_ip" = "172.31.43.7"
    "public_ip" = "18.118.153.30"
  }
}
===== Terraform Apply finished at Fri Sep 11 05:18:57 IST 2026 =====
